roi,file,burning_pixels,ha,group
ROI_0005_04,D:\scburning\ROI_0005_04\S2A_MSIL2A_20210225T153621_R068_T17MPP_20210226T043319.tif,187.0,1.87,Lower Whisker
ROI_0011_01,D:\scburning\ROI_0011_01\S2B_MSIL2A_20180619T155219_R111_T17MNQ_20201012T000819.tif,229.0,2.29,Lower Whisker
ROI_0011_01,D:\scburning\ROI_0011_01\S2A_MSIL2A_20190311T155221_R111_T17MNQ_20201007T053109.tif,122.0,1.22,Lower Whisker
ROI_0011_01,D:\scburning\ROI_0011_01\S2B_MSIL2A_20190604T155229_R111_T17MNQ_20201005T221024.tif,227.0,2.27,Lower Whisker
ROI_0011_01,D:\scburning\ROI_0011_01\S2B_MSIL2A_20190724T155229_R111_T17MNQ_20201005T191129.tif,142.0,1.42,Lower Whisker
ROI_0011_01,D:\scburning\ROI_0011_01\S2B_MSIL2A_20190813T155229_R111_T17MNQ_20201005T000333.tif,230.0,2.3,Lower Whisker
ROI_0011_01,D:\scburning\ROI_0011_01\S2B_MSIL2A_20191221T155219_R111_T17MNQ_20201003T075954.tif,154.0,1.54,Lower Whisker
ROI_0011_01,D:\scburning\ROI_0011_01\S2A_MSIL2A_20200404T155221_R111_T17MNQ_20200924T232845.tif,124.0,1.24,Lower Whisker
ROI_0011_01,D:\scburning\ROI_0011_01\S2A_MSIL2A_20200703T155231_R111_T17MNQ_20200825T013427.tif,117.0,1.17,Lower Whisker
ROI_0011_01,D:\scburning\ROI_0011_01\S2B_MSIL2A_20210325T155219_R111_T17MNQ_20210326T073600.tif,130.0,1.3,Lower Whisker
ROI_0011_01,D:\scburning\ROI_0011_01\S2A_MSIL2A_20220124T155221_R111_T17MNQ_20220125T034401.tif,105.0,1.05,Lower Whisker
ROI_0011_02,D:\scburning\ROI_0011_02\S2B_MSIL2A_20171012T155209_R111_T17MNQ_20201019T213523.tif,149.0,1.49,Lower Whisker
ROI_0011_02,D:\scburning\ROI_0011_02\S2B_MSIL2A_20180130T155219_R111_T17MNQ_20201014T101506.tif,210.0,2.1,Lower Whisker
ROI_0011_02,D:\scburning\ROI_0011_02\S2B_MSIL2A_20180209T155219_R111_T17MNQ_20201026T000228.tif,126.0,1.26,Lower Whisker
ROI_0011_02,D:\scburning\ROI_0011_02\S2B_MSIL2A_20180301T155209_R111_T17MNQ_20201013T051814.tif,257.0,2.57,Lower Whisker
ROI_0011_02,D:\scburning\ROI_0011_02\S2B_MSIL2A_20190604T155229_R111_T17MNQ_20201005T221024.tif,266.0,2.66,Lower Whisker
ROI_0011_02,D:\scburning\ROI_0011_02\S2B_MSIL2A_20191012T155219_R111_T17MNQ_20201004T013804.tif,123.0,1.23,Lower Whisker
ROI_0011_02,D:\scburning\ROI_0011_02\S2A_MSIL2A_20191216T155221_R111_T17MNQ_20201003T054034.tif,178.0,1.78,Lower Whisker
ROI_0011_02,D:\scburning\ROI_0011_02\S2B_MSIL2A_20200310T155219_R111_T17MNQ_20201005T034802.tif,196.0,1.96,Lower Whisker
ROI_0011_02,D:\scburning\ROI_0011_02\S2B_MSIL2A_20210213T155219_R111_T17MNQ_20210215T000848.tif,123.0,1.23,Lower Whisker
ROI_0011_02,D:\scburning\ROI_0011_02\S2B_MSIL2A_20210404T155219_R111_T17MNQ_20210405T095214.tif,153.0,1.53,Lower Whisker
ROI_0011_02,D:\scburning\ROI_0011_02\S2B_MSIL2A_20210424T155219_R111_T17MNQ_20210425T201823.tif,119.0,1.19,Lower Whisker
ROI_0011_02,D:\scburning\ROI_0011_02\S2A_MSIL2A_20210916T155221_R111_T17MNQ_20210917T050656.tif,127.0,1.27,Lower Whisker
ROI_0011_02,D:\scburning\ROI_0011_02\S2B_MSIL2A_20211130T155219_R111_T17MNQ_20211201T064217.tif,104.0,1.04,Lower Whisker
ROI_0011_02,D:\scburning\ROI_0011_02\S2B_MSIL2A_20220218T155219_R111_T17MNQ_20220225T024253.tif,140.0,1.4,Lower Whisker
ROI_0011_02,D:\scburning\ROI_0011_02\S2A_MSIL2A_20220812T155231_R111_T17MNQ_20220813T044428.tif,160.0,1.6,Lower Whisker
ROI_0011_03,D:\scburning\ROI_0011_03\S2B_MSIL2A_20171201T155209_R111_T17MNQ_20201014T113759.tif,176.0,1.76,Lower Whisker
ROI_0011_03,D:\scburning\ROI_0011_03\S2B_MSIL2A_20180209T155219_R111_T17MNQ_20201026T000228.tif,265.0,2.65,Lower Whisker
ROI_0011_03,D:\scburning\ROI_0011_03\S2B_MSIL2A_20180301T155209_R111_T17MNQ_20201013T051814.tif,186.0,1.86,Lower Whisker
ROI_0011_03,D:\scburning\ROI_0011_03\S2B_MSIL2A_20180331T155219_R111_T17MNQ_20201013T172443.tif,155.0,1.55,Lower Whisker
ROI_0011_03,D:\scburning\ROI_0011_03\S2A_MSIL2A_20180505T155221_R111_T17MNQ_20201012T060723.tif,133.0,1.33,Lower Whisker
ROI_0011_03,D:\scburning\ROI_0011_03\S2A_MSIL2A_20180902T155221_R111_T17MNQ_20201011T073521.tif,185.0,1.85,Lower Whisker
ROI_0011_03,D:\scburning\ROI_0011_03\S2A_MSIL2A_20190301T155221_R111_T17MNQ_20201030T042826.tif,120.0,1.2,Lower Whisker
ROI_0011_03,D:\scburning\ROI_0011_03\S2A_MSIL2A_20190311T155221_R111_T17MNQ_20201007T053109.tif,252.0,2.52,Lower Whisker
ROI_0011_03,D:\scburning\ROI_0011_03\S2B_MSIL2A_20190724T155229_R111_T17MNQ_20201005T191129.tif,181.0,1.81,Lower Whisker
ROI_0011_03,D:\scburning\ROI_0011_03\S2B_MSIL2A_20190902T155229_R111_T17MNQ_20201004T083448.tif,116.0,1.16,Lower Whisker
ROI_0011_03,D:\scburning\ROI_0011_03\S2B_MSIL2A_20200209T155219_R111_T17MNQ_20201001T131810.tif,202.0,2.02,Lower Whisker
ROI_0011_03,D:\scburning\ROI_0011_03\S2A_MSIL2A_20201031T155231_R111_T17MNQ_20201102T060657.tif,154.0,1.54,Lower Whisker
ROI_0011_03,D:\scburning\ROI_0011_03\S2A_MSIL2A_20210109T155221_R111_T17MNQ_20210110T034817.tif,143.0,1.43,Lower Whisker
ROI_0011_03,D:\scburning\ROI_0011_03\S2B_MSIL2A_20210114T155219_R111_T17MNQ_20210122T091309.tif,191.0,1.91,Lower Whisker
ROI_0011_03,D:\scburning\ROI_0011_03\S2A_MSIL2A_20210208T155221_R111_T17MNQ_20210209T091947.tif,145.0,1.45,Lower Whisker
ROI_0011_03,D:\scburning\ROI_0011_03\S2B_MSIL2A_20210213T155219_R111_T17MNQ_20210215T000848.tif,112.0,1.12,Lower Whisker
ROI_0011_03,D:\scburning\ROI_0011_03\S2B_MSIL2A_20210305T155219_R111_T17MNQ_20210306T163941.tif,184.0,1.84,Lower Whisker
ROI_0011_03,D:\scburning\ROI_0011_03\S2B_MSIL2A_20221006T155219_R111_T17MNQ_20221007T095049.tif,202.0,2.02,Lower Whisker
ROI_0012_04,D:\scburning\ROI_0012_04\S2A_MSIL2A_20200603T155231_R111_T17MNQ_20200825T235242.tif,105.0,1.05,Lower Whisker
ROI_0013_02,D:\scburning\ROI_0013_02\S2A_MSIL2A_20180214T155221_R111_T17MNQ_20201013T211128.tif,125.0,1.25,Lower Whisker
ROI_0013_02,D:\scburning\ROI_0013_02\S2B_MSIL2A_20180828T155209_R111_T17MNQ_20201110T120001.tif,160.0,1.6,Lower Whisker
ROI_0013_02,D:\scburning\ROI_0013_02\S2B_MSIL2A_20180917T155219_R111_T17MNQ_20201009T021200.tif,112.0,1.12,Lower Whisker
ROI_0013_02,D:\scburning\ROI_0013_02\S2B_MSIL2A_20190902T155229_R111_T17MNQ_20201004T083448.tif,145.0,1.45,Lower Whisker
ROI_0013_02,D:\scburning\ROI_0013_02\S2A_MSIL2A_20191017T155231_R111_T17MNQ_20201004T031710.tif,261.0,2.61,Lower Whisker
ROI_0013_02,D:\scburning\ROI_0013_02\S2A_MSIL2A_20191027T155231_R111_T17MNQ_20201004T064121.tif,164.0,1.64,Lower Whisker
ROI_0013_02,D:\scburning\ROI_0013_02\S2A_MSIL2A_20200305T155221_R111_T17MNQ_20200928T171715.tif,132.0,1.32,Lower Whisker
ROI_0013_02,D:\scburning\ROI_0013_02\S2B_MSIL2A_20200817T155229_R111_T17MNQ_20200818T163811.tif,114.0,1.14,Lower Whisker
ROI_0013_02,D:\scburning\ROI_0013_02\S2B_MSIL2A_20201016T155229_R111_T17MNQ_20201027T133838.tif,201.0,2.01,Lower Whisker
ROI_0013_02,D:\scburning\ROI_0013_02\S2B_MSIL2A_20210424T155219_R111_T17MNQ_20210425T201823.tif,106.0,1.06,Lower Whisker
ROI_0013_02,D:\scburning\ROI_0013_02\S2B_MSIL2A_20211130T155219_R111_T17MNQ_20211201T064217.tif,112.0,1.12,Lower Whisker
ROI_0013_04,D:\scburning\ROI_0013_04\S2A_MSIL2A_20180912T155221_R111_T17MNQ_20201009T002333.tif,222.0,2.22,Lower Whisker
ROI_0013_04,D:\scburning\ROI_0013_04\S2A_MSIL2A_20181121T155211_R111_T17MNQ_20201008T202811.tif,193.0,1.93,Lower Whisker
ROI_0013_04,D:\scburning\ROI_0013_04\S2B_MSIL2A_20190415T155229_R111_T17MNQ_20201007T023521.tif,112.0,1.12,Lower Whisker
ROI_0013_04,D:\scburning\ROI_0013_04\S2B_MSIL2A_20190425T155229_R111_T17MNQ_20201109T123406.tif,246.0,2.46,Lower Whisker
ROI_0013_04,D:\scburning\ROI_0013_04\S2B_MSIL2A_20191012T155219_R111_T17MNQ_20201004T013804.tif,177.0,1.77,Lower Whisker
ROI_0013_04,D:\scburning\ROI_0013_04\S2B_MSIL2A_20200120T155219_R111_T17MNQ_20201002T212214.tif,145.0,1.45,Lower Whisker
ROI_0013_04,D:\scburning\ROI_0013_04\S2B_MSIL2A_20200310T155219_R111_T17MNQ_20201005T034802.tif,220.0,2.2,Lower Whisker
ROI_0013_04,D:\scburning\ROI_0013_04\S2B_MSIL2A_20200817T155229_R111_T17MNQ_20200818T163811.tif,156.0,1.56,Lower Whisker
ROI_0013_04,D:\scburning\ROI_0013_04\S2B_MSIL2A_20201016T155229_R111_T17MNQ_20201027T133838.tif,193.0,1.93,Lower Whisker
ROI_0013_04,D:\scburning\ROI_0013_04\S2B_MSIL2A_20210213T155219_R111_T17MNQ_20210215T000848.tif,137.0,1.37,Lower Whisker
ROI_0013_04,D:\scburning\ROI_0013_04\S2A_MSIL2A_20210419T155221_R111_T17MNQ_20210420T090213.tif,270.0,2.7,Lower Whisker
ROI_0013_04,D:\scburning\ROI_0013_04\S2B_MSIL2A_20211001T155219_R111_T17MNQ_20211002T135606.tif,135.0,1.35,Lower Whisker
ROI_0020_01,D:\scburning\ROI_0020_01\S2B_MSIL2A_20180917T155219_R111_T17MNQ_20201009T021200.tif,173.0,1.73,Lower Whisker
ROI_0020_01,D:\scburning\ROI_0020_01\S2A_MSIL2A_20190609T155221_R111_T17MNQ_20201006T000112.tif,175.0,1.75,Lower Whisker
ROI_0020_01,D:\scburning\ROI_0020_01\S2B_MSIL2A_20190614T155229_R111_T17MNQ_20201006T021702.tif,209.0,2.09,Lower Whisker
ROI_0020_01,D:\scburning\ROI_0020_01\S2A_MSIL2A_20200105T155221_R111_T17MNQ_20201002T231218.tif,168.0,1.68,Lower Whisker
ROI_0020_01,D:\scburning\ROI_0020_01\S2B_MSIL2A_20200419T155219_R111_T17MNQ_20200924T054339.tif,172.0,1.72,Lower Whisker
ROI_0020_04,D:\scburning\ROI_0020_04\S2B_MSIL2A_20171012T155209_R111_T17MNQ_20201019T213523.tif,220.0,2.2,Lower Whisker
ROI_0020_04,D:\scburning\ROI_0020_04\S2B_MSIL2A_20180209T155219_R111_T17MNQ_20201026T000228.tif,259.0,2.59,Lower Whisker
ROI_0020_04,D:\scburning\ROI_0020_04\S2B_MSIL2A_20180331T155219_R111_T17MNQ_20201013T172443.tif,123.0,1.23,Lower Whisker
ROI_0020_04,D:\scburning\ROI_0020_04\S2A_MSIL2A_20180922T155221_R111_T17MNQ_20201009T034358.tif,125.0,1.25,Lower Whisker
ROI_0020_04,D:\scburning\ROI_0020_04\S2A_MSIL2A_20181211T155211_R111_T17MNQ_20201008T091211.tif,155.0,1.55,Lower Whisker
ROI_0020_04,D:\scburning\ROI_0020_04\S2A_MSIL2A_20190410T155221_R111_T17MNQ_20201007T002556.tif,121.0,1.21,Lower Whisker
ROI_0020_04,D:\scburning\ROI_0020_04\S2A_MSIL2A_20191216T155221_R111_T17MNQ_20201003T054034.tif,172.0,1.72,Lower Whisker
ROI_0020_04,D:\scburning\ROI_0020_04\S2B_MSIL2A_20200209T155219_R111_T17MNQ_20201001T131810.tif,107.0,1.07,Lower Whisker
ROI_0020_04,D:\scburning\ROI_0020_04\S2A_MSIL2A_20200623T155231_R111_T17MNQ_20200823T193238.tif,128.0,1.28,Lower Whisker
ROI_0020_04,D:\scburning\ROI_0020_04\S2B_MSIL2A_20200807T155229_R111_T17MNQ_20200908T101338.tif,134.0,1.34,Lower Whisker
ROI_0020_04,D:\scburning\ROI_0020_04\S2B_MSIL2A_20210213T155219_R111_T17MNQ_20210215T000848.tif,221.0,2.21,Lower Whisker
ROI_0020_04,D:\scburning\ROI_0020_04\S2B_MSIL2A_20210305T155219_R111_T17MNQ_20210306T163941.tif,166.0,1.66,Lower Whisker
ROI_0020_04,D:\scburning\ROI_0020_04\S2B_MSIL2A_20210623T155219_R111_T17MNQ_20210625T235821.tif,164.0,1.64,Lower Whisker
ROI_0020_04,D:\scburning\ROI_0020_04\S2A_MSIL2A_20210916T155221_R111_T17MNQ_20210917T050656.tif,121.0,1.21,Lower Whisker
ROI_0021_01,D:\scburning\ROI_0021_01\S2A_MSIL2A_20170907T155221_R111_T17MNQ_20210201T204538.tif,229.0,2.29,Lower Whisker
ROI_0021_01,D:\scburning\ROI_0021_01\S2B_MSIL2A_20171201T155209_R111_T17MNQ_20201014T113759.tif,249.0,2.49,Lower Whisker
ROI_0021_01,D:\scburning\ROI_0021_01\S2B_MSIL2A_20180130T155219_R111_T17MNQ_20201014T101506.tif,128.0,1.28,Lower Whisker
ROI_0021_01,D:\scburning\ROI_0021_01\S2B_MSIL2A_20201225T155219_R111_T17MNQ_20201226T140634.tif,221.0,2.21,Lower Whisker
ROI_0021_01,D:\scburning\ROI_0021_01\S2B_MSIL2A_20210203T155219_R111_T17MNQ_20210206T203806.tif,115.0,1.15,Lower Whisker
ROI_0021_01,D:\scburning\ROI_0021_01\S2B_MSIL2A_20210305T155219_R111_T17MNQ_20210306T163941.tif,157.0,1.57,Lower Whisker
ROI_0021_01,D:\scburning\ROI_0021_01\S2B_MSIL2A_20211110T155219_R111_T17MNQ_20211111T031803.tif,121.0,1.21,Lower Whisker
ROI_0021_01,D:\scburning\ROI_0021_01\S2B_MSIL2A_20211120T155219_R111_T17MNQ_20211121T045231.tif,169.0,1.69,Lower Whisker
ROI_0021_01,D:\scburning\ROI_0021_01\S2A_MSIL2A_20221220T155221_R111_T17MNQ_20221221T102357.tif,152.0,1.52,Lower Whisker
ROI_0024_02,D:\scburning\ROI_0024_02\S2A_MSIL2A_20170927T155221_R111_T17MNQ_20210202T103921.tif,134.0,1.34,Lower Whisker
ROI_0024_02,D:\scburning\ROI_0024_02\S2B_MSIL2A_20171101T155209_R111_T17MNQ_20201014T175648.tif,103.0,1.03,Lower Whisker
ROI_0024_02,D:\scburning\ROI_0024_02\S2A_MSIL2A_20190311T155221_R111_T17MNQ_20201007T053109.tif,202.0,2.02,Lower Whisker
ROI_0024_02,D:\scburning\ROI_0024_02\S2B_MSIL2A_20200120T155219_R111_T17MNQ_20201002T212214.tif,202.0,2.02,Lower Whisker
ROI_0024_02,D:\scburning\ROI_0024_02\S2A_MSIL2A_20210109T155221_R111_T17MNQ_20210110T034817.tif,210.0,2.1,Lower Whisker
ROI_0024_03,D:\scburning\ROI_0024_03\S2B_MSIL2A_20171101T155209_R111_T17MNQ_20201014T175648.tif,177.0,1.77,Lower Whisker
ROI_0024_03,D:\scburning\ROI_0024_03\S2A_MSIL2A_20180803T155221_R111_T17MNQ_20201010T203309.tif,180.0,1.8,Lower Whisker
ROI_0024_03,D:\scburning\ROI_0024_03\S2B_MSIL2A_20210114T155219_R111_T17MNQ_20210122T091309.tif,155.0,1.55,Lower Whisker
ROI_0030_04,D:\scburning\ROI_0030_04\S2A_MSIL2A_20171024T153621_R068_T17MNQ_20201015T015838.tif,162.0,1.62,Lower Whisker
ROI_0030_04,D:\scburning\ROI_0030_04\S2B_MSIL2A_20180407T153619_R068_T17MNQ_20201012T193457.tif,251.0,2.51,Lower Whisker
ROI_0030_04,D:\scburning\ROI_0030_04\S2B_MSIL2A_20180417T153619_R068_T17MNQ_20201012T233240.tif,140.0,1.4,Lower Whisker
ROI_0030_04,D:\scburning\ROI_0030_04\S2A_MSIL2A_20180929T153621_R068_T17MNQ_20201009T061135.tif,185.0,1.85,Lower Whisker
ROI_0030_04,D:\scburning\ROI_0030_04\S2B_MSIL2A_20181106T155219_R111_T17MNQ_20201008T162712.tif,204.0,2.04,Lower Whisker
ROI_0030_04,D:\scburning\ROI_0030_04\S2B_MSIL2A_20181206T155219_R111_T17MNQ_20201008T075943.tif,130.0,1.3,Lower Whisker
ROI_0030_04,D:\scburning\ROI_0030_04\S2A_MSIL2A_20181211T155211_R111_T17MNQ_20201008T091211.tif,154.0,1.54,Lower Whisker
ROI_0030_04,D:\scburning\ROI_0030_04\S2A_MSIL2A_20190117T153621_R068_T17MNQ_20201008T021728.tif,118.0,1.18,Lower Whisker
ROI_0030_04,D:\scburning\ROI_0030_04\S2B_MSIL2A_20190326T155219_R111_T17MNQ_20201007T110416.tif,132.0,1.32,Lower Whisker
ROI_0030_04,D:\scburning\ROI_0030_04\S2A_MSIL2A_20190420T155221_R111_T17MNQ_20201105T122410.tif,230.0,2.3,Lower Whisker
ROI_0030_04,D:\scburning\ROI_0030_04\S2A_MSIL2A_20190427T153621_R068_T17MNQ_20201105T200749.tif,106.0,1.06,Lower Whisker
ROI_0030_04,D:\scburning\ROI_0030_04\S2A_MSIL2A_20190907T155221_R111_T17MNQ_20201004T102031.tif,268.0,2.68,Lower Whisker
ROI_0030_04,D:\scburning\ROI_0030_04\S2B_MSIL2A_20191108T153619_R068_T17MNQ_20201003T143237.tif,183.0,1.83,Lower Whisker
ROI_0030_04,D:\scburning\ROI_0030_04\S2A_MSIL2A_20191203T153621_R068_T17MNQ_20201003T000919.tif,114.0,1.14,Lower Whisker
ROI_0030_04,D:\scburning\ROI_0030_04\S2A_MSIL2A_20191216T155221_R111_T17MNQ_20201003T054034.tif,127.0,1.27,Lower Whisker
ROI_0030_04,D:\scburning\ROI_0030_04\S2B_MSIL2A_20191221T155219_R111_T17MNQ_20201003T075954.tif,147.0,1.47,Lower Whisker
ROI_0030_04,D:\scburning\ROI_0030_04\S2B_MSIL2A_20200130T155219_R111_T17MNQ_20201002T155252.tif,133.0,1.33,Lower Whisker
ROI_0030_04,D:\scburning\ROI_0030_04\S2B_MSIL2A_20200529T155229_R111_T17MNQ_20200911T105738.tif,139.0,1.39,Lower Whisker
ROI_0030_04,D:\scburning\ROI_0030_04\S2A_MSIL2A_20200829T153621_R068_T17MNQ_20200907T143739.tif,137.0,1.37,Lower Whisker
ROI_0030_04,D:\scburning\ROI_0030_04\S2B_MSIL2A_20210203T155219_R111_T17MNQ_20210206T203806.tif,108.0,1.08,Lower Whisker
ROI_0030_04,D:\scburning\ROI_0030_04\S2B_MSIL2A_20210421T153619_R068_T17MNQ_20210423T013532.tif,270.0,2.7,Lower Whisker
ROI_0030_04,D:\scburning\ROI_0030_04\S2B_MSIL2A_20210524T155219_R111_T17MNQ_20210525T064955.tif,128.0,1.28,Lower Whisker
ROI_0030_04,D:\scburning\ROI_0030_04\S2A_MSIL2A_20210708T155221_R111_T17MNQ_20210709T114447.tif,218.0,2.18,Lower Whisker
ROI_0030_04,D:\scburning\ROI_0030_04\S2B_MSIL2A_20211230T155219_R111_T17MNQ_20230128T112202.tif,118.0,1.18,Lower Whisker
ROI_0030_04,D:\scburning\ROI_0030_04\S2B_MSIL2A_20220228T155219_R111_T17MNQ_20220303T102818.tif,113.0,1.13,Lower Whisker
ROI_0040_02,D:\scburning\ROI_0040_02\S2A_MSIL2A_20180224T155221_R111_T17MNQ_20201014T005430.tif,165.0,1.65,Lower Whisker
ROI_0040_02,D:\scburning\ROI_0040_02\S2A_MSIL2A_20180721T153621_R068_T17MNQ_20201011T181944.tif,226.0,2.26,Lower Whisker
ROI_0040_02,D:\scburning\ROI_0040_02\S2B_MSIL2A_20180828T155209_R111_T17MNQ_20201110T120001.tif,122.0,1.22,Lower Whisker
ROI_0040_02,D:\scburning\ROI_0040_02\S2A_MSIL2A_20181022T155221_R111_T17MNQ_20201009T140950.tif,195.0,1.95,Lower Whisker
ROI_0040_02,D:\scburning\ROI_0040_02\S2A_MSIL2A_20190914T153621_R068_T17MNQ_20201004T130232.tif,133.0,1.33,Lower Whisker
ROI_0040_02,D:\scburning\ROI_0040_02\S2A_MSIL2A_20200325T155221_R111_T17MNQ_20201019T115054.tif,152.0,1.52,Lower Whisker
ROI_0040_02,D:\scburning\ROI_0040_02\S2A_MSIL2A_20210903T153621_R068_T17MNQ_20210904T043113.tif,261.0,2.61,Lower Whisker
ROI_0056_04,D:\scburning\ROI_0056_04\S2A_MSIL2A_20170216T153611_R068_T17MPN_20210208T132519.tif,228.0,2.28,Lower Whisker
ROI_0056_04,D:\scburning\ROI_0056_04\S2A_MSIL2A_20170517T153621_R068_T17MPN_20210209T161256.tif,180.0,1.8,Lower Whisker
ROI_0056_04,D:\scburning\ROI_0056_04\S2B_MSIL2A_20171218T153609_R068_T17MPN_20201014T145917.tif,139.0,1.39,Lower Whisker
ROI_0056_04,D:\scburning\ROI_0056_04\S2B_MSIL2A_20180308T153609_R068_T17MPN_20201013T081339.tif,181.0,1.81,Lower Whisker
ROI_0056_04,D:\scburning\ROI_0056_04\S2A_MSIL2A_20180820T153621_R068_T17MPN_20201011T042636.tif,201.0,2.01,Lower Whisker
ROI_0056_04,D:\scburning\ROI_0056_04\S2B_MSIL2A_20190601T153629_R068_T17MPN_20201005T205712.tif,193.0,1.93,Lower Whisker
ROI_0056_04,D:\scburning\ROI_0056_04\S2B_MSIL2A_20190711T153629_R068_T17MPN_20201005T124133.tif,136.0,1.36,Lower Whisker
ROI_0056_04,D:\scburning\ROI_0056_04\S2B_MSIL2A_20191108T153619_R068_T17MPN_20201003T143240.tif,152.0,1.52,Lower Whisker
ROI_0056_04,D:\scburning\ROI_0056_04\S2A_MSIL2A_20191203T153621_R068_T17MPN_20201003T000921.tif,156.0,1.56,Lower Whisker
ROI_0056_04,D:\scburning\ROI_0056_04\S2A_MSIL2A_20191223T153611_R068_T17MPN_20201003T083758.tif,208.0,2.08,Lower Whisker
ROI_0056_04,D:\scburning\ROI_0056_04\S2B_MSIL2A_20200206T153619_R068_T17MPN_20201001T034745.tif,118.0,1.18,Lower Whisker
ROI_0056_04,D:\scburning\ROI_0056_04\S2A_MSIL2A_20200521T153631_R068_T17MPN_20200910T104928.tif,175.0,1.75,Lower Whisker
ROI_0056_04,D:\scburning\ROI_0056_04\S2B_MSIL2A_20200913T153619_R068_T17MPN_20200918T155152.tif,133.0,1.33,Lower Whisker
ROI_0056_04,D:\scburning\ROI_0056_04\S2B_MSIL2A_20201212T153619_R068_T17MPN_20201213T123352.tif,199.0,1.99,Lower Whisker
ROI_0056_04,D:\scburning\ROI_0056_04\S2B_MSIL2A_20201222T153619_R068_T17MPN_20201225T061430.tif,125.0,1.25,Lower Whisker
ROI_0056_04,D:\scburning\ROI_0056_04\S2B_MSIL2A_20210131T153619_R068_T17MPN_20210201T214757.tif,184.0,1.84,Lower Whisker
ROI_0056_04,D:\scburning\ROI_0056_04\S2A_MSIL2A_20210406T153621_R068_T17MPN_20210407T073226.tif,118.0,1.18,Lower Whisker
ROI_0056_04,D:\scburning\ROI_0056_04\S2A_MSIL2A_20210416T153611_R068_T17MPN_20210417T065935.tif,126.0,1.26,Lower Whisker
ROI_0056_04,D:\scburning\ROI_0056_04\S2B_MSIL2A_20210511T153619_R068_T17MPN_20210513T105447.tif,225.0,2.25,Lower Whisker
ROI_0056_04,D:\scburning\ROI_0056_04\S2B_MSIL2A_20211117T153619_R068_T17MPN_20211118T072229.tif,106.0,1.06,Lower Whisker
ROI_0056_04,D:\scburning\ROI_0056_04\S2B_MSIL2A_20211127T153619_R068_T17MPN_20211128T185152.tif,225.0,2.25,Lower Whisker
ROI_0056_04,D:\scburning\ROI_0056_04\S2B_MSIL2A_20211207T153619_R068_T17MPN_20211208T132438.tif,191.0,1.91,Lower Whisker
ROI_0056_04,D:\scburning\ROI_0056_04\S2B_MSIL2A_20220426T153609_R068_T17MPN_20220427T124215.tif,174.0,1.74,Lower Whisker
ROI_0056_04,D:\scburning\ROI_0056_04\S2B_MSIL2A_20220615T153619_R068_T17MPN_20220618T170223.tif,237.0,2.37,Lower Whisker
ROI_0056_04,D:\scburning\ROI_0056_04\S2B_MSIL2A_20220913T153619_R068_T17MPN_20220914T070128.tif,140.0,1.4,Lower Whisker
ROI_0056_04,D:\scburning\ROI_0056_04\S2B_MSIL2A_20221222T153619_R068_T17MPN_20221224T012058.tif,120.0,1.2,Lower Whisker
ROI_0057_03,D:\scburning\ROI_0057_03\S2A_MSIL2A_20170216T153611_R068_T17MPN_20210208T132519.tif,220.0,2.2,Lower Whisker
ROI_0057_03,D:\scburning\ROI_0057_03\S2A_MSIL2A_20171203T153611_R068_T17MPN_20201014T115357.tif,110.0,1.1,Lower Whisker
ROI_0057_03,D:\scburning\ROI_0057_03\S2A_MSIL2A_20180201T153611_R068_T17MPN_20201013T175113.tif,185.0,1.85,Lower Whisker
ROI_0057_03,D:\scburning\ROI_0057_03\S2A_MSIL2A_20180522T153621_R068_T17MPN_20201012T125615.tif,158.0,1.58,Lower Whisker
ROI_0057_03,D:\scburning\ROI_0057_03\S2A_MSIL2A_20181208T153611_R068_T17MPN_20201008T082328.tif,138.0,1.38,Lower Whisker
ROI_0057_03,D:\scburning\ROI_0057_03\S2A_MSIL2A_20190117T153621_R068_T17MPN_20201008T021733.tif,118.0,1.18,Lower Whisker
ROI_0057_03,D:\scburning\ROI_0057_03\S2A_MSIL2A_20190308T153611_R068_T17MPN_20201007T042714.tif,257.0,2.57,Lower Whisker
ROI_0057_03,D:\scburning\ROI_0057_03\S2B_MSIL2A_20190422T153629_R068_T17MPN_20201105T153234.tif,155.0,1.55,Lower Whisker
ROI_0057_03,D:\scburning\ROI_0057_03\S2B_MSIL2A_20190522T153629_R068_T17MPN_20201006T171151.tif,255.0,2.55,Lower Whisker
ROI_0057_03,D:\scburning\ROI_0057_03\S2A_MSIL2A_20190606T153621_R068_T17MPN_20201005T224736.tif,260.0,2.6,Lower Whisker
ROI_0057_03,D:\scburning\ROI_0057_03\S2A_MSIL2A_20190716T153621_R068_T17MPN_20201005T145345.tif,105.0,1.05,Lower Whisker
ROI_0057_03,D:\scburning\ROI_0057_03\S2A_MSIL2A_20200211T153611_R068_T17MPN_20201001T171520.tif,161.0,1.61,Lower Whisker
ROI_0057_03,D:\scburning\ROI_0057_03\S2A_MSIL2A_20200421T153621_R068_T17MPN_20200921T122157.tif,166.0,1.66,Lower Whisker
ROI_0057_03,D:\scburning\ROI_0057_03\S2B_MSIL2A_20200605T153619_R068_T17MPN_20200826T072451.tif,132.0,1.32,Lower Whisker
ROI_0057_03,D:\scburning\ROI_0057_03\S2A_MSIL2A_20200610T153631_R068_T17MPN_20200826T204405.tif,143.0,1.43,Lower Whisker
ROI_0057_03,D:\scburning\ROI_0057_03\S2B_MSIL2A_20200903T153619_R068_T17MPN_20201027T151712.tif,144.0,1.44,Lower Whisker
ROI_0057_03,D:\scburning\ROI_0057_03\S2B_MSIL2A_20200913T153619_R068_T17MPN_20200918T155152.tif,268.0,2.68,Lower Whisker
ROI_0057_03,D:\scburning\ROI_0057_03\S2B_MSIL2A_20201102T153619_R068_T17MPN_20201104T005942.tif,143.0,1.43,Lower Whisker
ROI_0057_03,D:\scburning\ROI_0057_03\S2B_MSIL2A_20201202T153619_R068_T17MPN_20201203T201201.tif,148.0,1.48,Lower Whisker
ROI_0057_03,D:\scburning\ROI_0057_03\S2B_MSIL2A_20210111T153619_R068_T17MPN_20210112T045648.tif,191.0,1.91,Lower Whisker
ROI_0057_03,D:\scburning\ROI_0057_03\S2B_MSIL2A_20210220T153619_R068_T17MPN_20210221T012505.tif,140.0,1.4,Lower Whisker
ROI_0057_03,D:\scburning\ROI_0057_03\S2B_MSIL2A_20210302T153619_R068_T17MPN_20210303T053352.tif,147.0,1.47,Lower Whisker
ROI_0057_03,D:\scburning\ROI_0057_03\S2A_MSIL2A_20211003T153621_R068_T17MPN_20211004T011150.tif,108.0,1.08,Lower Whisker
ROI_0057_03,D:\scburning\ROI_0057_03\S2B_MSIL2A_20211117T153619_R068_T17MPN_20211118T072229.tif,150.0,1.5,Lower Whisker
ROI_0057_03,D:\scburning\ROI_0057_03\S2B_MSIL2A_20220116T153619_R068_T17MPN_20220117T033909.tif,147.0,1.47,Lower Whisker
ROI_0057_03,D:\scburning\ROI_0057_03\S2B_MSIL2A_20220307T153619_R068_T17MPN_20220308T055059.tif,234.0,2.34,Lower Whisker
ROI_0057_03,D:\scburning\ROI_0057_03\S2B_MSIL2A_20221222T153619_R068_T17MPN_20221224T012058.tif,104.0,1.04,Lower Whisker
ROI_0061_02,D:\scburning\ROI_0061_02\S2B_MSIL2A_20171208T153609_R068_T17MPN_20201014T125140.tif,127.0,1.27,Lower Whisker
ROI_0061_02,D:\scburning\ROI_0061_02\S2A_MSIL2A_20180221T153621_R068_T17MPN_20201013T234923.tif,219.0,2.19,Lower Whisker
ROI_0061_02,D:\scburning\ROI_0061_02\S2A_MSIL2A_20180820T153621_R068_T17MPN_20201011T042636.tif,145.0,1.45,Lower Whisker
ROI_0061_02,D:\scburning\ROI_0061_02\S2B_MSIL2A_20180904T153609_R068_T17MPN_20201011T084140.tif,233.0,2.33,Lower Whisker
ROI_0061_02,D:\scburning\ROI_0061_02\S2B_MSIL2A_20181103T153619_R068_T17MPN_20201008T153241.tif,246.0,2.46,Lower Whisker
ROI_0061_02,D:\scburning\ROI_0061_02\S2B_MSIL2A_20190313T153619_R068_T17MPN_20201007T062346.tif,107.0,1.07,Lower Whisker
ROI_0061_02,D:\scburning\ROI_0061_02\S2A_MSIL2A_20190328T153621_R068_T17MPN_20201007T113702.tif,153.0,1.53,Lower Whisker
ROI_0061_02,D:\scburning\ROI_0061_02\S2B_MSIL2A_20200804T153619_R068_T17MPN_20200816T043710.tif,118.0,1.18,Lower Whisker
ROI_0061_02,D:\scburning\ROI_0061_02\S2A_MSIL2A_20200928T153621_R068_T17MPN_20200930T183601.tif,154.0,1.54,Lower Whisker
ROI_0061_02,D:\scburning\ROI_0061_02\S2B_MSIL2A_20201122T153619_R068_T17MPN_20201123T142559.tif,201.0,2.01,Lower Whisker
ROI_0061_02,D:\scburning\ROI_0061_02\S2B_MSIL2A_20201222T153619_R068_T17MPN_20201225T061430.tif,117.0,1.17,Lower Whisker
ROI_0061_02,D:\scburning\ROI_0061_02\S2A_MSIL2A_20201227T153621_R068_T17MPN_20201228T080048.tif,202.0,2.02,Lower Whisker
ROI_0061_02,D:\scburning\ROI_0061_02\S2A_MSIL2A_20210406T153621_R068_T17MPN_20210407T073226.tif,214.0,2.14,Lower Whisker
ROI_0061_02,D:\scburning\ROI_0061_02\S2B_MSIL2A_20211008T153619_R068_T17MPN_20211009T060139.tif,203.0,2.03,Lower Whisker
ROI_0061_02,D:\scburning\ROI_0061_02\S2A_MSIL2A_20211112T153621_R068_T17MPN_20211113T044032.tif,233.0,2.33,Lower Whisker
ROI_0061_02,D:\scburning\ROI_0061_02\S2B_MSIL2A_20211117T153619_R068_T17MPN_20211118T072229.tif,148.0,1.48,Lower Whisker
ROI_0061_02,D:\scburning\ROI_0061_02\S2B_MSIL2A_20220426T153609_R068_T17MPN_20220427T124215.tif,127.0,1.27,Lower Whisker
ROI_0061_02,D:\scburning\ROI_0061_02\S2B_MSIL2A_20220615T153619_R068_T17MPN_20220618T170223.tif,174.0,1.74,Lower Whisker
ROI_0061_02,D:\scburning\ROI_0061_02\S2B_MSIL2A_20220903T153619_R068_T17MPN_20220904T010945.tif,118.0,1.18,Lower Whisker
ROI_0062_01,D:\scburning\ROI_0062_01\S2A_MSIL2A_20180201T153611_R068_T17MPN_20201013T175113.tif,190.0,1.9,Lower Whisker
ROI_0062_01,D:\scburning\ROI_0062_01\S2B_MSIL2A_20180308T153609_R068_T17MPN_20201013T081339.tif,120.0,1.2,Lower Whisker
ROI_0062_01,D:\scburning\ROI_0062_01\S2A_MSIL2A_20190117T153621_R068_T17MPN_20201008T021733.tif,175.0,1.75,Lower Whisker
ROI_0062_01,D:\scburning\ROI_0062_01\S2B_MSIL2A_20190601T153629_R068_T17MPN_20201005T205712.tif,156.0,1.56,Lower Whisker
ROI_0062_01,D:\scburning\ROI_0062_01\S2B_MSIL2A_20190711T153629_R068_T17MPN_20201005T124133.tif,149.0,1.49,Lower Whisker
ROI_0062_01,D:\scburning\ROI_0062_01\S2B_MSIL2A_20191009T153619_R068_T17MPN_20201004T003111.tif,239.0,2.39,Lower Whisker
ROI_0062_01,D:\scburning\ROI_0062_01\S2A_MSIL2A_20200112T153611_R068_T17MPN_20201002T174345.tif,125.0,1.25,Lower Whisker
ROI_0062_01,D:\scburning\ROI_0062_01\S2A_MSIL2A_20200322T153621_R068_T17MPN_20201014T112223.tif,106.0,1.06,Lower Whisker
ROI_0062_01,D:\scburning\ROI_0062_01\S2A_MSIL2A_20200730T153631_R068_T17MPN_20200818T034648.tif,105.0,1.05,Lower Whisker
ROI_0062_01,D:\scburning\ROI_0062_01\S2B_MSIL2A_20200913T153619_R068_T17MPN_20200918T155152.tif,176.0,1.76,Lower Whisker
ROI_0062_01,D:\scburning\ROI_0062_01\S2A_MSIL2A_20200928T153621_R068_T17MPN_20200930T183601.tif,177.0,1.77,Lower Whisker
ROI_0062_01,D:\scburning\ROI_0062_01\S2A_MSIL2A_20201018T153621_R068_T17MPN_20201019T182949.tif,165.0,1.65,Lower Whisker
ROI_0062_01,D:\scburning\ROI_0062_01\S2B_MSIL2A_20201222T153619_R068_T17MPN_20201225T061430.tif,237.0,2.37,Lower Whisker
ROI_0062_01,D:\scburning\ROI_0062_01\S2A_MSIL2A_20201227T153621_R068_T17MPN_20201228T080048.tif,178.0,1.78,Lower Whisker
ROI_0062_01,D:\scburning\ROI_0062_01\S2B_MSIL2A_20210131T153619_R068_T17MPN_20210201T214757.tif,259.0,2.59,Lower Whisker
ROI_0062_01,D:\scburning\ROI_0062_01\S2B_MSIL2A_20210210T153619_R068_T17MPN_20210212T014005.tif,161.0,1.61,Lower Whisker
ROI_0062_01,D:\scburning\ROI_0062_01\S2B_MSIL2A_20210220T153619_R068_T17MPN_20210221T012505.tif,185.0,1.85,Lower Whisker
ROI_0062_01,D:\scburning\ROI_0062_01\S2B_MSIL2A_20220406T153619_R068_T17MPN_20220407T062652.tif,113.0,1.13,Lower Whisker
ROI_0062_01,D:\scburning\ROI_0062_01\S2A_MSIL2A_20220829T153631_R068_T17MPN_20220831T035457.tif,140.0,1.4,Lower Whisker
ROI_0062_02,D:\scburning\ROI_0062_02\S2A_MSIL2A_20170517T153621_R068_T17MPN_20210209T161256.tif,159.0,1.59,Lower Whisker
ROI_0062_02,D:\scburning\ROI_0062_02\S2A_MSIL2A_20180201T153611_R068_T17MPN_20201013T175113.tif,171.0,1.71,Lower Whisker
ROI_0062_02,D:\scburning\ROI_0062_02\S2B_MSIL2A_20180517T153619_R068_T17MPN_20201012T110719.tif,144.0,1.44,Lower Whisker
ROI_0062_02,D:\scburning\ROI_0062_02\S2B_MSIL2A_20180904T153609_R068_T17MPN_20201011T084140.tif,191.0,1.91,Lower Whisker
ROI_0062_02,D:\scburning\ROI_0062_02\S2A_MSIL2A_20180919T153611_R068_T17MPN_20201009T024609.tif,151.0,1.51,Lower Whisker
ROI_0062_02,D:\scburning\ROI_0062_02\S2B_MSIL2A_20190102T153619_R068_T17MPN_20201007T221753.tif,122.0,1.22,Lower Whisker
ROI_0062_02,D:\scburning\ROI_0062_02\S2A_MSIL2A_20190308T153611_R068_T17MPN_20201007T042714.tif,222.0,2.22,Lower Whisker
ROI_0062_02,D:\scburning\ROI_0062_02\S2A_MSIL2A_20190328T153621_R068_T17MPN_20201007T113702.tif,141.0,1.41,Lower Whisker
ROI_0062_02,D:\scburning\ROI_0062_02\S2A_MSIL2A_20190626T153621_R068_T17MPN_20201006T063531.tif,244.0,2.44,Lower Whisker
ROI_0062_02,D:\scburning\ROI_0062_02\S2A_MSIL2A_20191203T153621_R068_T17MPN_20201003T000921.tif,129.0,1.29,Lower Whisker
ROI_0062_02,D:\scburning\ROI_0062_02\S2A_MSIL2A_20191223T153611_R068_T17MPN_20201003T083758.tif,184.0,1.84,Lower Whisker
ROI_0062_02,D:\scburning\ROI_0062_02\S2B_MSIL2A_20200206T153619_R068_T17MPN_20201001T034745.tif,204.0,2.04,Lower Whisker
ROI_0062_02,D:\scburning\ROI_0062_02\S2B_MSIL2A_20200327T153619_R068_T17MPN_20201027T115556.tif,193.0,1.93,Lower Whisker
ROI_0062_02,D:\scburning\ROI_0062_02\S2B_MSIL2A_20200406T153619_R068_T17MPN_20200925T073500.tif,237.0,2.37,Lower Whisker
ROI_0062_02,D:\scburning\ROI_0062_02\S2A_MSIL2A_20200521T153631_R068_T17MPN_20200910T104928.tif,109.0,1.09,Lower Whisker
ROI_0062_02,D:\scburning\ROI_0062_02\S2A_MSIL2A_20200730T153631_R068_T17MPN_20200818T034648.tif,232.0,2.32,Lower Whisker
ROI_0062_02,D:\scburning\ROI_0062_02\S2B_MSIL2A_20200913T153619_R068_T17MPN_20200918T155152.tif,116.0,1.16,Lower Whisker
ROI_0062_02,D:\scburning\ROI_0062_02\S2A_MSIL2A_20201018T153621_R068_T17MPN_20201019T182949.tif,187.0,1.87,Lower Whisker
ROI_0062_02,D:\scburning\ROI_0062_02\S2B_MSIL2A_20201122T153619_R068_T17MPN_20201123T142559.tif,116.0,1.16,Lower Whisker
ROI_0062_02,D:\scburning\ROI_0062_02\S2B_MSIL2A_20201222T153619_R068_T17MPN_20201225T061430.tif,173.0,1.73,Lower Whisker
ROI_0062_02,D:\scburning\ROI_0062_02\S2B_MSIL2A_20210220T153619_R068_T17MPN_20210221T012505.tif,189.0,1.89,Lower Whisker
ROI_0062_02,D:\scburning\ROI_0062_02\S2B_MSIL2A_20210322T153619_R068_T17MPN_20210323T104248.tif,185.0,1.85,Lower Whisker
ROI_0062_02,D:\scburning\ROI_0062_02\S2A_MSIL2A_20210406T153621_R068_T17MPN_20210407T073226.tif,176.0,1.76,Lower Whisker
ROI_0062_02,D:\scburning\ROI_0062_02\S2B_MSIL2A_20210421T153619_R068_T17MPN_20210423T045202.tif,188.0,1.88,Lower Whisker
ROI_0062_02,D:\scburning\ROI_0062_02\S2B_MSIL2A_20210511T153619_R068_T17MPN_20210513T105447.tif,179.0,1.79,Lower Whisker
ROI_0062_02,D:\scburning\ROI_0062_02\S2B_MSIL2A_20211207T153619_R068_T17MPN_20211208T132438.tif,270.0,2.7,Lower Whisker
ROI_0062_02,D:\scburning\ROI_0062_02\S2A_MSIL2A_20220101T153621_R068_T17MPN_20220102T154736.tif,142.0,1.42,Lower Whisker
ROI_0062_02,D:\scburning\ROI_0062_02\S2B_MSIL2A_20220426T153609_R068_T17MPN_20220427T124215.tif,133.0,1.33,Lower Whisker
ROI_0062_02,D:\scburning\ROI_0062_02\S2A_MSIL2A_20220511T153621_R068_T17MPN_20220512T155804.tif,176.0,1.76,Lower Whisker
ROI_0062_02,D:\scburning\ROI_0062_02\S2B_MSIL2A_20221122T153619_R068_T17MPN_20221123T034631.tif,108.0,1.08,Lower Whisker
ROI_0062_03,D:\scburning\ROI_0062_03\S2B_MSIL2A_20180517T153619_R068_T17MPN_20201012T110719.tif,109.0,1.09,Lower Whisker
ROI_0062_03,D:\scburning\ROI_0062_03\S2A_MSIL2A_20181228T153611_R068_T17MPN_20201008T134224.tif,257.0,2.57,Lower Whisker
ROI_0062_03,D:\scburning\ROI_0062_03\S2A_MSIL2A_20190318T153621_R068_T17MPN_20201007T075151.tif,187.0,1.87,Lower Whisker
ROI_0062_03,D:\scburning\ROI_0062_03\S2B_MSIL2A_20190412T153629_R068_T17MPN_20201007T012424.tif,144.0,1.44,Lower Whisker
ROI_0062_03,D:\scburning\ROI_0062_03\S2B_MSIL2A_20190502T153629_R068_T17MPN_20201006T091847.tif,205.0,2.05,Lower Whisker
ROI_0062_03,D:\scburning\ROI_0062_03\S2B_MSIL2A_20190522T153629_R068_T17MPN_20201006T171151.tif,162.0,1.62,Lower Whisker
ROI_0062_03,D:\scburning\ROI_0062_03\S2A_MSIL2A_20191014T153621_R068_T17MPN_20201004T021137.tif,177.0,1.77,Lower Whisker
ROI_0062_03,D:\scburning\ROI_0062_03\S2B_MSIL2A_20200605T153619_R068_T17MPN_20200826T072451.tif,225.0,2.25,Lower Whisker
ROI_0062_03,D:\scburning\ROI_0062_03\S2A_MSIL2A_20201107T153621_R068_T17MPN_20201108T161515.tif,231.0,2.31,Lower Whisker
ROI_0062_03,D:\scburning\ROI_0062_03\S2B_MSIL2A_20201212T153619_R068_T17MPN_20201213T123352.tif,114.0,1.14,Lower Whisker
ROI_0062_03,D:\scburning\ROI_0062_03\S2A_MSIL2A_20201227T153621_R068_T17MPN_20201228T080048.tif,116.0,1.16,Lower Whisker
ROI_0062_03,D:\scburning\ROI_0062_03\S2A_MSIL2A_20210416T153611_R068_T17MPN_20210417T065935.tif,260.0,2.6,Lower Whisker
ROI_0062_03,D:\scburning\ROI_0062_03\S2A_MSIL2A_20210426T153621_R068_T17MPN_20210427T055715.tif,215.0,2.15,Lower Whisker
ROI_0062_03,D:\scburning\ROI_0062_03\S2B_MSIL2A_20211008T153619_R068_T17MPN_20211009T060139.tif,191.0,1.91,Lower Whisker
ROI_0062_03,D:\scburning\ROI_0062_03\S2B_MSIL2A_20211117T153619_R068_T17MPN_20211118T072229.tif,174.0,1.74,Lower Whisker
ROI_0062_03,D:\scburning\ROI_0062_03\S2B_MSIL2A_20220116T153619_R068_T17MPN_20220117T033909.tif,177.0,1.77,Lower Whisker
ROI_0062_03,D:\scburning\ROI_0062_03\S2A_MSIL2A_20220312T153621_R068_T17MPN_20220313T052716.tif,112.0,1.12,Lower Whisker
ROI_0062_03,D:\scburning\ROI_0062_03\S2B_MSIL2A_20220317T153619_R068_T17MPN_20220318T022208.tif,144.0,1.44,Lower Whisker
ROI_0062_03,D:\scburning\ROI_0062_03\S2A_MSIL2A_20220511T153621_R068_T17MPN_20220512T155804.tif,128.0,1.28,Lower Whisker
ROI_0062_03,D:\scburning\ROI_0062_03\S2A_MSIL2A_20221028T153621_R068_T17MPN_20221029T051818.tif,148.0,1.48,Lower Whisker
ROI_0065_01,D:\scburning\ROI_0065_01\S2A_MSIL2A_20180820T153621_R068_T17MPN_20201011T042636.tif,118.0,1.18,Lower Whisker
ROI_0065_01,D:\scburning\ROI_0065_01\S2B_MSIL2A_20180924T153609_R068_T17MPN_20201009T043234.tif,123.0,1.23,Lower Whisker
ROI_0065_01,D:\scburning\ROI_0065_01\S2A_MSIL2A_20190318T153621_R068_T17MPN_20201007T075151.tif,139.0,1.39,Lower Whisker
ROI_0065_01,D:\scburning\ROI_0065_01\S2B_MSIL2A_20190601T153629_R068_T17MPN_20201005T205712.tif,215.0,2.15,Lower Whisker
ROI_0065_01,D:\scburning\ROI_0065_01\S2A_MSIL2A_20191014T153621_R068_T17MPN_20201004T021137.tif,129.0,1.29,Lower Whisker
ROI_0065_01,D:\scburning\ROI_0065_01\S2A_MSIL2A_20200211T153611_R068_T17MPN_20201001T171520.tif,248.0,2.48,Lower Whisker
ROI_0065_01,D:\scburning\ROI_0065_01\S2B_MSIL2A_20200923T153619_R068_T17MPN_20200926T094926.tif,173.0,1.73,Lower Whisker
ROI_0065_01,D:\scburning\ROI_0065_01\S2A_MSIL2A_20201018T153621_R068_T17MPN_20201019T182949.tif,138.0,1.38,Lower Whisker
ROI_0065_01,D:\scburning\ROI_0065_01\S2A_MSIL2A_20201107T153621_R068_T17MPN_20201108T161515.tif,167.0,1.67,Lower Whisker
ROI_0065_01,D:\scburning\ROI_0065_01\S2B_MSIL2A_20210421T153619_R068_T17MPN_20210423T045202.tif,192.0,1.92,Lower Whisker
ROI_0065_01,D:\scburning\ROI_0065_01\S2A_MSIL2A_20210615T153621_R068_T17MPN_20210616T010910.tif,227.0,2.27,Lower Whisker
ROI_0065_01,D:\scburning\ROI_0065_01\S2B_MSIL2A_20220106T153619_R068_T17MPN_20220107T093454.tif,227.0,2.27,Lower Whisker
ROI_0065_01,D:\scburning\ROI_0065_01\S2A_MSIL2A_20220111T153621_R068_T17MPN_20220112T175106.tif,242.0,2.42,Lower Whisker
ROI_0065_01,D:\scburning\ROI_0065_01\S2B_MSIL2A_20220903T153619_R068_T17MPN_20220904T010945.tif,117.0,1.17,Lower Whisker
ROI_0065_03,D:\scburning\ROI_0065_03\S2A_MSIL2A_20171024T153621_R068_T17MPN_20201015T015839.tif,161.0,1.61,Lower Whisker
ROI_0065_03,D:\scburning\ROI_0065_03\S2B_MSIL2A_20180427T153619_R068_T17MPN_20201026T075457.tif,186.0,1.86,Lower Whisker
ROI_0065_03,D:\scburning\ROI_0065_03\S2A_MSIL2A_20190716T153621_R068_T17MPN_20201005T145345.tif,152.0,1.52,Lower Whisker
ROI_0065_03,D:\scburning\ROI_0065_03\S2B_MSIL2A_20190929T153619_R068_T17MPN_20201004T183540.tif,144.0,1.44,Lower Whisker
ROI_0065_03,D:\scburning\ROI_0065_03\S2A_MSIL2A_20191014T153621_R068_T17MPN_20201004T021137.tif,104.0,1.04,Lower Whisker
ROI_0065_03,D:\scburning\ROI_0065_03\S2A_MSIL2A_20200221T153611_R068_T17MPN_20200927T143620.tif,185.0,1.85,Lower Whisker
ROI_0065_03,D:\scburning\ROI_0065_03\S2B_MSIL2A_20201102T153619_R068_T17MPN_20201104T005942.tif,227.0,2.27,Lower Whisker
ROI_0065_03,D:\scburning\ROI_0065_03\S2A_MSIL2A_20201207T153621_R068_T17MPN_20201208T051833.tif,153.0,1.53,Lower Whisker
ROI_0065_03,D:\scburning\ROI_0065_03\S2B_MSIL2A_20210131T153619_R068_T17MPN_20210201T214757.tif,111.0,1.11,Lower Whisker
ROI_0065_03,D:\scburning\ROI_0065_03\S2A_MSIL2A_20220322T153621_R068_T17MPN_20220323T070632.tif,192.0,1.92,Lower Whisker
ROI_0065_03,D:\scburning\ROI_0065_03\S2B_MSIL2A_20220406T153619_R068_T17MPN_20220407T062652.tif,144.0,1.44,Lower Whisker
ROI_0065_03,D:\scburning\ROI_0065_03\S2B_MSIL2A_20220426T153609_R068_T17MPN_20220427T124215.tif,107.0,1.07,Lower Whisker
ROI_0065_03,D:\scburning\ROI_0065_03\S2B_MSIL2A_20220615T153619_R068_T17MPN_20220618T170223.tif,232.0,2.32,Lower Whisker
ROI_0065_03,D:\scburning\ROI_0065_03\S2A_MSIL2A_20220730T153631_R068_T17MPN_20220731T172902.tif,202.0,2.02,Lower Whisker
ROI_0065_03,D:\scburning\ROI_0065_03\S2B_MSIL2A_20220913T153619_R068_T17MPN_20220914T070128.tif,154.0,1.54,Lower Whisker
ROI_0065_03,D:\scburning\ROI_0065_03\S2B_MSIL2A_20221122T153619_R068_T17MPN_20221123T034631.tif,221.0,2.21,Lower Whisker
ROI_0065_03,D:\scburning\ROI_0065_03\S2A_MSIL2A_20221207T153621_R068_T17MPN_20221208T165222.tif,158.0,1.58,Lower Whisker
ROI_0069_01,D:\scburning\ROI_0069_01\S2A_MSIL2A_20171024T153621_R068_T17MPN_20201015T015839.tif,130.0,1.3,Lower Whisker
ROI_0069_01,D:\scburning\ROI_0069_01\S2B_MSIL2A_20180825T153609_R068_T17MPN_20201027T034853.tif,164.0,1.64,Lower Whisker
ROI_0069_01,D:\scburning\ROI_0069_01\S2A_MSIL2A_20190328T153621_R068_T17MPN_20201007T113702.tif,108.0,1.08,Lower Whisker
ROI_0069_01,D:\scburning\ROI_0069_01\S2B_MSIL2A_20190522T153629_R068_T17MPN_20201006T171151.tif,237.0,2.37,Lower Whisker
ROI_0069_01,D:\scburning\ROI_0069_01\S2A_MSIL2A_20190904T153621_R068_T17MPN_20201004T091020.tif,163.0,1.63,Lower Whisker
ROI_0069_01,D:\scburning\ROI_0069_01\S2B_MSIL2A_20191009T153619_R068_T17MPN_20201004T003111.tif,174.0,1.74,Lower Whisker
ROI_0069_01,D:\scburning\ROI_0069_01\S2B_MSIL2A_20200226T153619_R068_T17MPN_20200928T150914.tif,186.0,1.86,Lower Whisker
ROI_0069_01,D:\scburning\ROI_0069_01\S2A_MSIL2A_20200511T153621_R068_T17MPN_20200917T183929.tif,171.0,1.71,Lower Whisker
ROI_0069_01,D:\scburning\ROI_0069_01\S2B_MSIL2A_20200605T153619_R068_T17MPN_20200826T072451.tif,235.0,2.35,Lower Whisker
ROI_0069_01,D:\scburning\ROI_0069_01\S2A_MSIL2A_20201117T153621_R068_T17MPN_20201118T220801.tif,103.0,1.03,Lower Whisker
ROI_0069_01,D:\scburning\ROI_0069_01\S2B_MSIL2A_20210302T153619_R068_T17MPN_20210303T053352.tif,196.0,1.96,Lower Whisker
ROI_0069_01,D:\scburning\ROI_0069_01\S2B_MSIL2A_20210322T153619_R068_T17MPN_20210323T104248.tif,110.0,1.1,Lower Whisker
ROI_0069_01,D:\scburning\ROI_0069_01\S2B_MSIL2A_20210511T153619_R068_T17MPN_20210513T105447.tif,231.0,2.31,Lower Whisker
ROI_0069_01,D:\scburning\ROI_0069_01\S2B_MSIL2A_20211207T153619_R068_T17MPN_20211208T132438.tif,238.0,2.38,Lower Whisker
ROI_0069_01,D:\scburning\ROI_0069_01\S2B_MSIL2A_20220106T153619_R068_T17MPN_20220107T093454.tif,190.0,1.9,Lower Whisker
ROI_0069_01,D:\scburning\ROI_0069_01\S2A_MSIL2A_20220312T153621_R068_T17MPN_20220313T052716.tif,236.0,2.36,Lower Whisker
ROI_0069_01,D:\scburning\ROI_0069_01\S2B_MSIL2A_20220416T153619_R068_T17MPN_20220417T032235.tif,119.0,1.19,Lower Whisker
ROI_0069_01,D:\scburning\ROI_0069_01\S2B_MSIL2A_20220923T153619_R068_T17MPN_20220924T062235.tif,233.0,2.33,Lower Whisker
ROI_0069_02,D:\scburning\ROI_0069_02\S2B_MSIL2A_20170929T153609_R068_T17MPN_20210202T114723.tif,157.0,1.57,Lower Whisker
ROI_0069_02,D:\scburning\ROI_0069_02\S2B_MSIL2A_20171019T153609_R068_T17MPN_20201015T010101.tif,104.0,1.04,Lower Whisker
ROI_0069_02,D:\scburning\ROI_0069_02\S2A_MSIL2A_20171024T153621_R068_T17MPN_20201015T015839.tif,193.0,1.93,Lower Whisker
ROI_0069_02,D:\scburning\ROI_0069_02\S2B_MSIL2A_20171128T153609_R068_T17MPN_20201014T224654.tif,147.0,1.47,Lower Whisker
ROI_0069_02,D:\scburning\ROI_0069_02\S2A_MSIL2A_20171203T153611_R068_T17MPN_20201014T115357.tif,183.0,1.83,Lower Whisker
ROI_0069_02,D:\scburning\ROI_0069_02\S2B_MSIL2A_20171218T153609_R068_T17MPN_20201014T145917.tif,104.0,1.04,Lower Whisker
ROI_0069_02,D:\scburning\ROI_0069_02\S2B_MSIL2A_20190303T153619_R068_T17MPN_20201030T120231.tif,224.0,2.24,Lower Whisker
ROI_0069_02,D:\scburning\ROI_0069_02\S2A_MSIL2A_20190318T153621_R068_T17MPN_20201007T075151.tif,238.0,2.38,Lower Whisker
ROI_0069_02,D:\scburning\ROI_0069_02\S2B_MSIL2A_20190522T153629_R068_T17MPN_20201006T171151.tif,231.0,2.31,Lower Whisker
ROI_0069_02,D:\scburning\ROI_0069_02\S2A_MSIL2A_20190527T153621_R068_T17MPN_20201006T185821.tif,132.0,1.32,Lower Whisker
ROI_0069_02,D:\scburning\ROI_0069_02\S2A_MSIL2A_20190606T153621_R068_T17MPN_20201005T224736.tif,102.0,1.02,Lower Whisker
ROI_0069_02,D:\scburning\ROI_0069_02\S2A_MSIL2A_20190904T153621_R068_T17MPN_20201004T091020.tif,195.0,1.95,Lower Whisker
ROI_0069_02,D:\scburning\ROI_0069_02\S2A_MSIL2A_20191113T153621_R068_T17MPN_20201003T160452.tif,120.0,1.2,Lower Whisker
ROI_0069_02,D:\scburning\ROI_0069_02\S2B_MSIL2A_20191128T153619_R068_T17MPN_20201003T203600.tif,130.0,1.3,Lower Whisker
ROI_0069_02,D:\scburning\ROI_0069_02\S2A_MSIL2A_20200221T153611_R068_T17MPN_20200927T143620.tif,123.0,1.23,Lower Whisker
ROI_0069_02,D:\scburning\ROI_0069_02\S2B_MSIL2A_20200226T153619_R068_T17MPN_20200928T150914.tif,145.0,1.45,Lower Whisker
ROI_0069_02,D:\scburning\ROI_0069_02\S2A_MSIL2A_20200302T153611_R068_T17MPN_20200926T005039.tif,129.0,1.29,Lower Whisker
ROI_0069_02,D:\scburning\ROI_0069_02\S2B_MSIL2A_20200406T153619_R068_T17MPN_20200925T073500.tif,131.0,1.31,Lower Whisker
ROI_0069_02,D:\scburning\ROI_0069_02\S2A_MSIL2A_20200421T153621_R068_T17MPN_20200921T122157.tif,130.0,1.3,Lower Whisker
ROI_0069_02,D:\scburning\ROI_0069_02\S2B_MSIL2A_20200426T153619_R068_T17MPN_20200922T055904.tif,139.0,1.39,Lower Whisker
ROI_0069_02,D:\scburning\ROI_0069_02\S2A_MSIL2A_20200928T153621_R068_T17MPN_20200930T183601.tif,188.0,1.88,Lower Whisker
ROI_0069_02,D:\scburning\ROI_0069_02\S2B_MSIL2A_20201122T153619_R068_T17MPN_20201123T142559.tif,119.0,1.19,Lower Whisker
ROI_0069_02,D:\scburning\ROI_0069_02\S2B_MSIL2A_20210111T153619_R068_T17MPN_20210112T045648.tif,103.0,1.03,Lower Whisker
ROI_0069_02,D:\scburning\ROI_0069_02\S2B_MSIL2A_20210302T153619_R068_T17MPN_20210303T053352.tif,121.0,1.21,Lower Whisker
ROI_0069_02,D:\scburning\ROI_0069_02\S2A_MSIL2A_20210814T153621_R068_T17MPN_20210815T030417.tif,136.0,1.36,Lower Whisker
ROI_0069_02,D:\scburning\ROI_0069_02\S2A_MSIL2A_20210824T153621_R068_T17MPN_20210825T043534.tif,173.0,1.73,Lower Whisker
ROI_0069_02,D:\scburning\ROI_0069_02\S2A_MSIL2A_20210903T153621_R068_T17MPN_20210904T060315.tif,178.0,1.78,Lower Whisker
ROI_0069_02,D:\scburning\ROI_0069_02\S2B_MSIL2A_20211117T153619_R068_T17MPN_20211118T072229.tif,128.0,1.28,Lower Whisker
ROI_0069_02,D:\scburning\ROI_0069_02\S2B_MSIL2A_20211207T153619_R068_T17MPN_20211208T132438.tif,228.0,2.28,Lower Whisker
ROI_0069_02,D:\scburning\ROI_0069_02\S2A_MSIL2A_20220101T153621_R068_T17MPN_20220102T154736.tif,195.0,1.95,Lower Whisker
ROI_0069_02,D:\scburning\ROI_0069_02\S2B_MSIL2A_20220106T153619_R068_T17MPN_20220107T093454.tif,106.0,1.06,Lower Whisker
ROI_0069_02,D:\scburning\ROI_0069_02\S2B_MSIL2A_20220506T153619_R068_T17MPN_20220507T172456.tif,114.0,1.14,Lower Whisker
ROI_0069_02,D:\scburning\ROI_0069_02\S2B_MSIL2A_20220923T153619_R068_T17MPN_20220924T062235.tif,151.0,1.51,Lower Whisker
ROI_0069_02,D:\scburning\ROI_0069_02\S2A_MSIL2A_20221018T153621_R068_T17MPN_20221019T043148.tif,131.0,1.31,Lower Whisker
ROI_0069_03,D:\scburning\ROI_0069_03\S2A_MSIL2A_20171024T153621_R068_T17MPN_20201015T015839.tif,160.0,1.6,Lower Whisker
ROI_0069_03,D:\scburning\ROI_0069_03\S2A_MSIL2A_20171203T153611_R068_T17MPN_20201014T115357.tif,240.0,2.4,Lower Whisker
ROI_0069_03,D:\scburning\ROI_0069_03\S2B_MSIL2A_20180815T153619_R068_T17MPN_20201011T021736.tif,138.0,1.38,Lower Whisker
ROI_0069_03,D:\scburning\ROI_0069_03\S2B_MSIL2A_20180924T153609_R068_T17MPN_20201009T043234.tif,166.0,1.66,Lower Whisker
ROI_0069_03,D:\scburning\ROI_0069_03\S2B_MSIL2A_20181024T153619_R068_T17MPN_20201009T150008.tif,157.0,1.57,Lower Whisker
ROI_0069_03,D:\scburning\ROI_0069_03\S2B_MSIL2A_20181103T153619_R068_T17MPN_20201008T153241.tif,216.0,2.16,Lower Whisker
ROI_0069_03,D:\scburning\ROI_0069_03\S2B_MSIL2A_20181213T153609_R068_T17MPN_20201008T095323.tif,262.0,2.62,Lower Whisker
ROI_0069_03,D:\scburning\ROI_0069_03\S2A_MSIL2A_20190914T153621_R068_T17MPN_20201004T130230.tif,117.0,1.17,Lower Whisker
ROI_0069_03,D:\scburning\ROI_0069_03\S2B_MSIL2A_20200117T153619_R068_T17MPN_20201002T200234.tif,108.0,1.08,Lower Whisker
ROI_0069_03,D:\scburning\ROI_0069_03\S2B_MSIL2A_20200605T153619_R068_T17MPN_20200826T072451.tif,103.0,1.03,Lower Whisker
ROI_0069_03,D:\scburning\ROI_0069_03\S2B_MSIL2A_20200705T153619_R068_T17MPN_20210515T082507.tif,102.0,1.02,Lower Whisker
ROI_0069_03,D:\scburning\ROI_0069_03\S2B_MSIL2A_20201003T153619_R068_T17MPN_20201005T071122.tif,133.0,1.33,Lower Whisker
ROI_0069_03,D:\scburning\ROI_0069_03\S2B_MSIL2A_20210111T153619_R068_T17MPN_20210112T045648.tif,162.0,1.62,Lower Whisker
ROI_0069_03,D:\scburning\ROI_0069_03\S2B_MSIL2A_20210220T153619_R068_T17MPN_20210221T012505.tif,121.0,1.21,Lower Whisker
ROI_0069_03,D:\scburning\ROI_0069_03\S2A_MSIL2A_20211003T153621_R068_T17MPN_20211004T011150.tif,112.0,1.12,Lower Whisker
ROI_0069_03,D:\scburning\ROI_0069_03\S2A_MSIL2A_20220101T153621_R068_T17MPN_20220102T154736.tif,263.0,2.63,Lower Whisker
ROI_0083_04,D:\scburning\ROI_0083_04\S2A_MSIL2A_20170517T153621_R068_T17MPM_20210209T161254.tif,120.0,1.2,Lower Whisker
ROI_0083_04,D:\scburning\ROI_0083_04\S2B_MSIL2A_20180407T153619_R068_T17MPM_20201012T193457.tif,221.0,2.21,Lower Whisker
ROI_0083_04,D:\scburning\ROI_0083_04\S2B_MSIL2A_20180417T153619_R068_T17MPM_20201012T233240.tif,264.0,2.64,Lower Whisker
ROI_0083_04,D:\scburning\ROI_0083_04\S2A_MSIL2A_20180522T153621_R068_T17MPM_20201012T125612.tif,211.0,2.11,Lower Whisker
ROI_0083_04,D:\scburning\ROI_0083_04\S2A_MSIL2A_20190417T153621_R068_T17MPM_20201007T031104.tif,108.0,1.08,Lower Whisker
ROI_0083_04,D:\scburning\ROI_0083_04\S2B_MSIL2A_20191228T153619_R068_T17MPM_20201003T104513.tif,122.0,1.22,Lower Whisker
ROI_0083_04,D:\scburning\ROI_0083_04\S2B_MSIL2A_20200406T153619_R068_T17MPM_20200925T073456.tif,204.0,2.04,Lower Whisker
ROI_0083_04,D:\scburning\ROI_0083_04\S2B_MSIL2A_20200516T153619_R068_T17MPM_20200909T224122.tif,106.0,1.06,Lower Whisker
ROI_0083_04,D:\scburning\ROI_0083_04\S2A_MSIL2A_20210307T153621_R068_T17MPM_20210308T021734.tif,162.0,1.62,Lower Whisker
ROI_0083_04,D:\scburning\ROI_0083_04\S2B_MSIL2A_20210411T153619_R068_T17MPM_20210412T091018.tif,258.0,2.58,Lower Whisker
ROI_0085_01,D:\scburning\ROI_0085_01\S2B_MSIL2A_20180407T153619_R068_T17MPM_20201012T193457.tif,229.0,2.29,Lower Whisker
ROI_0085_01,D:\scburning\ROI_0085_01\S2A_MSIL2A_20180522T153621_R068_T17MPM_20201012T125612.tif,104.0,1.04,Lower Whisker
ROI_0085_01,D:\scburning\ROI_0085_01\S2B_MSIL2A_20190512T153629_R068_T17MPM_20201006T132524.tif,113.0,1.13,Lower Whisker
ROI_0085_01,D:\scburning\ROI_0085_01\S2B_MSIL2A_20200416T153619_R068_T17MPM_20200923T195133.tif,169.0,1.69,Lower Whisker
ROI_0085_01,D:\scburning\ROI_0085_01\S2B_MSIL2A_20200426T153619_R068_T17MPM_20200922T055901.tif,185.0,1.85,Lower Whisker
ROI_0085_01,D:\scburning\ROI_0085_01\S2A_MSIL2A_20200511T153621_R068_T17MPM_20200917T183938.tif,138.0,1.38,Lower Whisker
ROI_0085_01,D:\scburning\ROI_0085_01\S2A_MSIL2A_20200610T153631_R068_T17MPM_20200826T204407.tif,130.0,1.3,Lower Whisker
ROI_0085_01,D:\scburning\ROI_0085_01\S2B_MSIL2A_20220225T153619_R068_T17MPM_20220302T012413.tif,167.0,1.67,Lower Whisker
ROI_0085_02,D:\scburning\ROI_0085_02\S2B_MSIL2A_20171208T153609_R068_T17MPM_20201014T125140.tif,261.0,2.61,Lower Whisker
ROI_0085_02,D:\scburning\ROI_0085_02\S2B_MSIL2A_20180427T153619_R068_T17MPM_20201013T033129.tif,117.0,1.17,Lower Whisker
ROI_0085_02,D:\scburning\ROI_0085_02\S2B_MSIL2A_20181123T153619_R068_T17MPM_20201008T211037.tif,157.0,1.57,Lower Whisker
ROI_0085_02,D:\scburning\ROI_0085_02\S2A_MSIL2A_20190417T153621_R068_T17MPM_20201007T031104.tif,210.0,2.1,Lower Whisker
ROI_0085_02,D:\scburning\ROI_0085_02\S2B_MSIL2A_20190601T153629_R068_T17MPM_20201005T205706.tif,113.0,1.13,Lower Whisker
ROI_0085_02,D:\scburning\ROI_0085_02\S2B_MSIL2A_20191108T153619_R068_T17MPM_20201003T143240.tif,144.0,1.44,Lower Whisker
ROI_0085_02,D:\scburning\ROI_0085_02\S2A_MSIL2A_20200112T153611_R068_T17MPM_20201002T174343.tif,104.0,1.04,Lower Whisker
ROI_0085_02,D:\scburning\ROI_0085_02\S2B_MSIL2A_20200406T153619_R068_T17MPM_20200925T073456.tif,216.0,2.16,Lower Whisker
ROI_0085_02,D:\scburning\ROI_0085_02\S2A_MSIL2A_20201107T153621_R068_T17MPM_20201108T161613.tif,251.0,2.51,Lower Whisker
ROI_0085_02,D:\scburning\ROI_0085_02\S2A_MSIL2A_20210814T153621_R068_T17MPM_20210815T024909.tif,183.0,1.83,Lower Whisker
ROI_0085_03,D:\scburning\ROI_0085_03\S2B_MSIL2A_20180226T153609_R068_T17MPM_20201104T161731.tif,103.0,1.03,Lower Whisker
ROI_0085_03,D:\scburning\ROI_0085_03\S2B_MSIL2A_20200226T153619_R068_T17MPM_20200928T150911.tif,118.0,1.18,Lower Whisker
ROI_0085_03,D:\scburning\ROI_0085_03\S2B_MSIL2A_20200516T153619_R068_T17MPM_20200909T224122.tif,233.0,2.33,Lower Whisker
ROI_0085_03,D:\scburning\ROI_0085_03\S2A_MSIL2A_20201127T153621_R068_T17MPM_20201128T085029.tif,111.0,1.11,Lower Whisker
ROI_0085_03,D:\scburning\ROI_0085_03\S2B_MSIL2A_20220506T153619_R068_T17MPM_20220507T162740.tif,264.0,2.64,Lower Whisker
ROI_0085_03,D:\scburning\ROI_0085_03\S2B_MSIL2A_20220615T153619_R068_T17MPM_20220618T172953.tif,168.0,1.68,Lower Whisker
ROI_0086_02,D:\scburning\ROI_0086_02\S2A_MSIL2A_20180721T153621_R068_T17MPM_20201011T181944.tif,246.0,2.46,Lower Whisker
ROI_0086_02,D:\scburning\ROI_0086_02\S2B_MSIL2A_20181103T153619_R068_T17MPM_20201008T153243.tif,109.0,1.09,Lower Whisker
ROI_0086_02,D:\scburning\ROI_0086_02\S2B_MSIL2A_20190512T153629_R068_T17MPM_20201006T132524.tif,147.0,1.47,Lower Whisker
ROI_0086_02,D:\scburning\ROI_0086_02\S2A_MSIL2A_20200531T153631_R068_T17MPM_20200911T150823.tif,106.0,1.06,Lower Whisker
ROI_0086_02,D:\scburning\ROI_0086_02\S2B_MSIL2A_20200903T153619_R068_T17MPM_20201027T151714.tif,209.0,2.09,Lower Whisker
ROI_0086_02,D:\scburning\ROI_0086_02\S2B_MSIL2A_20210411T153619_R068_T17MPM_20210412T091018.tif,178.0,1.78,Lower Whisker
ROI_0087_01,D:\scburning\ROI_0087_01\S2A_MSIL2A_20180522T153621_R068_T17MPM_20201012T125612.tif,140.0,1.4,Lower Whisker
ROI_0087_01,D:\scburning\ROI_0087_01\S2B_MSIL2A_20181024T153619_R068_T17MPM_20201009T150010.tif,211.0,2.11,Lower Whisker
ROI_0087_01,D:\scburning\ROI_0087_01\S2A_MSIL2A_20190417T153621_R068_T17MPM_20201007T031104.tif,184.0,1.84,Lower Whisker
ROI_0087_01,D:\scburning\ROI_0087_01\S2B_MSIL2A_20190512T153629_R068_T17MPM_20201006T132524.tif,118.0,1.18,Lower Whisker
ROI_0087_01,D:\scburning\ROI_0087_01\S2A_MSIL2A_20200211T153611_R068_T17MPM_20201001T171519.tif,190.0,1.9,Lower Whisker
ROI_0087_01,D:\scburning\ROI_0087_01\S2A_MSIL2A_20200531T153631_R068_T17MPM_20200911T150823.tif,104.0,1.04,Lower Whisker
ROI_0087_01,D:\scburning\ROI_0087_01\S2A_MSIL2A_20201107T153621_R068_T17MPM_20201108T161613.tif,116.0,1.16,Lower Whisker
ROI_0087_01,D:\scburning\ROI_0087_01\S2A_MSIL2A_20210215T153621_R068_T17MPM_20210216T013627.tif,223.0,2.23,Lower Whisker
ROI_0087_01,D:\scburning\ROI_0087_01\S2B_MSIL2A_20220225T153619_R068_T17MPM_20220302T012413.tif,112.0,1.12,Lower Whisker
ROI_0087_02,D:\scburning\ROI_0087_02\S2A_MSIL2A_20180201T153611_R068_T17MPM_20201013T175113.tif,185.0,1.85,Lower Whisker
ROI_0087_02,D:\scburning\ROI_0087_02\S2B_MSIL2A_20180407T153619_R068_T17MPM_20201012T193457.tif,158.0,1.58,Lower Whisker
ROI_0087_02,D:\scburning\ROI_0087_02\S2A_MSIL2A_20180502T153621_R068_T17MPM_20201012T045800.tif,231.0,2.31,Lower Whisker
ROI_0087_02,D:\scburning\ROI_0087_02\S2B_MSIL2A_20200416T153619_R068_T17MPM_20200923T195133.tif,186.0,1.86,Lower Whisker
ROI_0087_02,D:\scburning\ROI_0087_02\S2B_MSIL2A_20200426T153619_R068_T17MPM_20200922T055901.tif,102.0,1.02,Lower Whisker
ROI_0087_02,D:\scburning\ROI_0087_02\S2A_MSIL2A_20220531T153631_R068_T17MPM_20220601T170719.tif,164.0,1.64,Lower Whisker
ROI_0087_02,D:\scburning\ROI_0087_02\S2A_MSIL2A_20220819T153631_R068_T17MPM_20220820T052453.tif,171.0,1.71,Lower Whisker
ROI_0088_01,D:\scburning\ROI_0088_01\S2A_MSIL2A_20170427T153621_R068_T17MPM_20210209T110957.tif,225.0,2.25,Lower Whisker
ROI_0088_01,D:\scburning\ROI_0088_01\S2B_MSIL2A_20171218T153609_R068_T17MPM_20201014T145917.tif,252.0,2.52,Lower Whisker
ROI_0088_01,D:\scburning\ROI_0088_01\S2B_MSIL2A_20181103T153619_R068_T17MPM_20201008T153243.tif,170.0,1.7,Lower Whisker
ROI_0088_01,D:\scburning\ROI_0088_01\S2B_MSIL2A_20190601T153629_R068_T17MPM_20201005T205706.tif,247.0,2.47,Lower Whisker
ROI_0088_01,D:\scburning\ROI_0088_01\S2A_MSIL2A_20190716T153621_R068_T17MPM_20201005T145342.tif,197.0,1.97,Lower Whisker
ROI_0088_01,D:\scburning\ROI_0088_01\S2B_MSIL2A_20200107T153619_R068_T17MPM_20201029T125546.tif,115.0,1.15,Lower Whisker
ROI_0088_01,D:\scburning\ROI_0088_01\S2A_MSIL2A_20201207T153621_R068_T17MPM_20201208T051851.tif,223.0,2.23,Lower Whisker
ROI_0088_01,D:\scburning\ROI_0088_01\S2A_MSIL2A_20210126T153621_R068_T17MPM_20210201T063950.tif,217.0,2.17,Lower Whisker
ROI_0088_01,D:\scburning\ROI_0088_01\S2B_MSIL2A_20220106T153619_R068_T17MPM_20220107T103837.tif,247.0,2.47,Lower Whisker
ROI_0088_01,D:\scburning\ROI_0088_01\S2B_MSIL2A_20220406T153619_R068_T17MPM_20220407T062419.tif,118.0,1.18,Lower Whisker
ROI_0088_01,D:\scburning\ROI_0088_01\S2A_MSIL2A_20220531T153631_R068_T17MPM_20220601T170719.tif,218.0,2.18,Lower Whisker
ROI_0088_02,D:\scburning\ROI_0088_02\S2B_MSIL2A_20190731T153629_R068_T17MPM_20201005T203157.tif,205.0,2.05,Lower Whisker
ROI_0088_02,D:\scburning\ROI_0088_02\S2B_MSIL2A_20200226T153619_R068_T17MPM_20200928T150911.tif,126.0,1.26,Lower Whisker
ROI_0088_02,D:\scburning\ROI_0088_02\S2B_MSIL2A_20200327T153619_R068_T17MPM_20201027T115557.tif,207.0,2.07,Lower Whisker
ROI_0088_02,D:\scburning\ROI_0088_02\S2A_MSIL2A_20200521T153631_R068_T17MPM_20200910T104928.tif,130.0,1.3,Lower Whisker
ROI_0088_02,D:\scburning\ROI_0088_02\S2A_MSIL2A_20210307T153621_R068_T17MPM_20210308T021734.tif,114.0,1.14,Lower Whisker
ROI_0090_01,D:\scburning\ROI_0090_01\S2A_MSIL2A_20180522T153621_R068_T17MQM_20201012T125608.tif,270.0,2.7,Lower Whisker
ROI_0090_01,D:\scburning\ROI_0090_01\S2A_MSIL2A_20191024T153621_R068_T17MQM_20201004T054349.tif,171.0,1.71,Lower Whisker
ROI_0090_01,D:\scburning\ROI_0090_01\S2B_MSIL2A_20200307T153619_R068_T17MQM_20201020T020356.tif,196.0,1.96,Lower Whisker
ROI_0090_01,D:\scburning\ROI_0090_01\S2A_MSIL2A_20200322T153621_R068_T17MQM_20201014T112220.tif,123.0,1.23,Lower Whisker
ROI_0090_01,D:\scburning\ROI_0090_01\S2A_MSIL2A_20200531T153631_R068_T17MQM_20201027T072145.tif,179.0,1.79,Lower Whisker
ROI_0090_01,D:\scburning\ROI_0090_01\S2B_MSIL2A_20201003T153619_R068_T17MQM_20201005T071123.tif,168.0,1.68,Lower Whisker
ROI_0090_01,D:\scburning\ROI_0090_01\S2B_MSIL2A_20211127T153619_R068_T17MQM_20211128T181445.tif,155.0,1.55,Lower Whisker
ROI_0090_02,D:\scburning\ROI_0090_02\S2A_MSIL2A_20180313T153611_R068_T17MQM_20201013T082612.tif,104.0,1.04,Lower Whisker
ROI_0090_02,D:\scburning\ROI_0090_02\S2A_MSIL2A_20190328T153621_R068_T17MQM_20201007T113657.tif,228.0,2.28,Lower Whisker
ROI_0090_02,D:\scburning\ROI_0090_02\S2A_MSIL2A_20200211T153611_R068_T17MQM_20201001T171526.tif,175.0,1.75,Lower Whisker
ROI_0090_02,D:\scburning\ROI_0090_02\S2A_MSIL2A_20200531T153631_R068_T17MQM_20201027T072145.tif,158.0,1.58,Lower Whisker
ROI_0090_02,D:\scburning\ROI_0090_02\S2B_MSIL2A_20200605T153619_R068_T17MQM_20200826T072451.tif,105.0,1.05,Lower Whisker
ROI_0090_02,D:\scburning\ROI_0090_02\S2B_MSIL2A_20201112T153619_R068_T17MQM_20201113T224116.tif,101.0,1.01,Lower Whisker
ROI_0090_02,D:\scburning\ROI_0090_02\S2B_MSIL2A_20211127T153619_R068_T17MQM_20211128T181445.tif,255.0,2.55,Lower Whisker
ROI_0090_02,D:\scburning\ROI_0090_02\S2B_MSIL2A_20220116T153619_R068_T17MQM_20220117T035624.tif,153.0,1.53,Lower Whisker
ROI_0090_03,D:\scburning\ROI_0090_03\S2A_MSIL2A_20170127T153611_R068_T17MQM_20210207T220355.tif,267.0,2.67,Lower Whisker
ROI_0090_03,D:\scburning\ROI_0090_03\S2B_MSIL2A_20180417T153619_R068_T17MQM_20201012T233240.tif,132.0,1.32,Lower Whisker
ROI_0090_03,D:\scburning\ROI_0090_03\S2A_MSIL2A_20180820T153621_R068_T17MQM_20201011T042630.tif,212.0,2.12,Lower Whisker
ROI_0090_03,D:\scburning\ROI_0090_03\S2A_MSIL2A_20181208T153611_R068_T17MQM_20201008T082322.tif,164.0,1.64,Lower Whisker
ROI_0090_03,D:\scburning\ROI_0090_03\S2A_MSIL2A_20191014T153621_R068_T17MQM_20201004T021132.tif,259.0,2.59,Lower Whisker
ROI_0090_03,D:\scburning\ROI_0090_03\S2B_MSIL2A_20191019T153619_R068_T17MQM_20201004T041101.tif,170.0,1.7,Lower Whisker
ROI_0090_03,D:\scburning\ROI_0090_03\S2A_MSIL2A_20200809T153631_R068_T17MQM_20200815T143605.tif,209.0,2.09,Lower Whisker
ROI_0090_03,D:\scburning\ROI_0090_03\S2B_MSIL2A_20200824T153619_R068_T17MQM_20200827T151710.tif,116.0,1.16,Lower Whisker
ROI_0090_03,D:\scburning\ROI_0090_03\S2A_MSIL2A_20200829T153621_R068_T17MQM_20200907T143734.tif,269.0,2.69,Lower Whisker
ROI_0090_03,D:\scburning\ROI_0090_03\S2B_MSIL2A_20200913T153619_R068_T17MQM_20200918T154214.tif,190.0,1.9,Lower Whisker
ROI_0090_03,D:\scburning\ROI_0090_03\S2B_MSIL2A_20201202T153619_R068_T17MQM_20201203T200558.tif,163.0,1.63,Lower Whisker
ROI_0090_03,D:\scburning\ROI_0090_03\S2A_MSIL2A_20210126T153621_R068_T17MQM_20210127T003947.tif,207.0,2.07,Lower Whisker
ROI_0090_03,D:\scburning\ROI_0090_03\S2A_MSIL2A_20210814T153621_R068_T17MQM_20210815T025545.tif,111.0,1.11,Lower Whisker
ROI_0090_03,D:\scburning\ROI_0090_03\S2B_MSIL2A_20220903T153619_R068_T17MQM_20220904T015839.tif,131.0,1.31,Lower Whisker
ROI_0090_03,D:\scburning\ROI_0090_03\S2B_MSIL2A_20220913T153619_R068_T17MQM_20220914T073841.tif,114.0,1.14,Lower Whisker
ROI_0091_01,D:\scburning\ROI_0091_01\S2B_MSIL2A_20171118T153609_R068_T17MQM_20201014T204743.tif,229.0,2.29,Lower Whisker
ROI_0091_01,D:\scburning\ROI_0091_01\S2B_MSIL2A_20181213T153609_R068_T17MQM_20201008T095318.tif,194.0,1.94,Lower Whisker
ROI_0091_01,D:\scburning\ROI_0091_01\S2B_MSIL2A_20191228T153619_R068_T17MQM_20201003T104509.tif,208.0,2.08,Lower Whisker
ROI_0091_01,D:\scburning\ROI_0091_01\S2A_MSIL2A_20201008T153631_R068_T17MQM_20201010T101608.tif,157.0,1.57,Lower Whisker
ROI_0091_01,D:\scburning\ROI_0091_01\S2A_MSIL2A_20201207T153621_R068_T17MQM_20201208T051444.tif,267.0,2.67,Lower Whisker
ROI_0091_01,D:\scburning\ROI_0091_01\S2B_MSIL2A_20210411T153619_R068_T17MQM_20210412T094847.tif,176.0,1.76,Lower Whisker
ROI_0091_01,D:\scburning\ROI_0091_01\S2B_MSIL2A_20220116T153619_R068_T17MQM_20220117T035624.tif,207.0,2.07,Lower Whisker
ROI_0091_01,D:\scburning\ROI_0091_01\S2A_MSIL2A_20220730T153631_R068_T17MQM_20220731T180026.tif,180.0,1.8,Lower Whisker
ROI_0091_01,D:\scburning\ROI_0091_01\S2B_MSIL2A_20220913T153619_R068_T17MQM_20220914T073841.tif,170.0,1.7,Lower Whisker
ROI_0091_02,D:\scburning\ROI_0091_02\S2A_MSIL2A_20171024T153621_R068_T17MQM_20201015T015836.tif,122.0,1.22,Lower Whisker
ROI_0091_02,D:\scburning\ROI_0091_02\S2B_MSIL2A_20180924T153609_R068_T17MQM_20201009T043229.tif,137.0,1.37,Lower Whisker
ROI_0091_02,D:\scburning\ROI_0091_02\S2A_MSIL2A_20181118T153611_R068_T17MQM_20201008T193731.tif,270.0,2.7,Lower Whisker
ROI_0091_02,D:\scburning\ROI_0091_02\S2A_MSIL2A_20190117T153621_R068_T17MQM_20201008T021728.tif,270.0,2.7,Lower Whisker
ROI_0091_02,D:\scburning\ROI_0091_02\S2A_MSIL2A_20190226T153611_R068_T17MQM_20201007T205043.tif,148.0,1.48,Lower Whisker
ROI_0091_02,D:\scburning\ROI_0091_02\S2B_MSIL2A_20190303T153619_R068_T17MQM_20201030T120236.tif,143.0,1.43,Lower Whisker
ROI_0091_02,D:\scburning\ROI_0091_02\S2B_MSIL2A_20190512T153629_R068_T17MQM_20201006T132520.tif,213.0,2.13,Lower Whisker
ROI_0091_02,D:\scburning\ROI_0091_02\S2B_MSIL2A_20190522T153629_R068_T17MQM_20201006T171145.tif,108.0,1.08,Lower Whisker
ROI_0091_02,D:\scburning\ROI_0091_02\S2B_MSIL2A_20200506T153619_R068_T17MQM_20200920T193459.tif,177.0,1.77,Lower Whisker
ROI_0091_02,D:\scburning\ROI_0091_02\S2B_MSIL2A_20210131T153619_R068_T17MQM_20210205T221132.tif,129.0,1.29,Lower Whisker
ROI_0091_02,D:\scburning\ROI_0091_02\S2A_MSIL2A_20210307T153621_R068_T17MQM_20210308T030357.tif,165.0,1.65,Lower Whisker
ROI_0091_02,D:\scburning\ROI_0091_02\S2B_MSIL2A_20221202T153619_R068_T17MQM_20221203T235137.tif,111.0,1.11,Lower Whisker
ROI_0093_03,D:\scburning\ROI_0093_03\S2B_MSIL2A_20180924T153609_R068_T17MQM_20201009T043229.tif,211.0,2.11,Lower Whisker
ROI_0093_03,D:\scburning\ROI_0093_03\S2B_MSIL2A_20190323T153619_R068_T17MQM_20201007T095344.tif,120.0,1.2,Lower Whisker
ROI_0093_03,D:\scburning\ROI_0093_03\S2B_MSIL2A_20190512T153629_R068_T17MQM_20201006T132520.tif,129.0,1.29,Lower Whisker
ROI_0093_03,D:\scburning\ROI_0093_03\S2B_MSIL2A_20190721T153629_R068_T17MQM_20201005T174324.tif,128.0,1.28,Lower Whisker
ROI_0093_03,D:\scburning\ROI_0093_03\S2B_MSIL2A_20201013T153619_R068_T17MQM_20201015T033340.tif,140.0,1.4,Lower Whisker
ROI_0093_03,D:\scburning\ROI_0093_03\S2A_MSIL2A_20201107T153621_R068_T17MQM_20201108T161511.tif,162.0,1.62,Lower Whisker
ROI_0093_03,D:\scburning\ROI_0093_03\S2B_MSIL2A_20210312T153619_R068_T17MQM_20210313T184620.tif,162.0,1.62,Lower Whisker
ROI_0093_03,D:\scburning\ROI_0093_03\S2B_MSIL2A_20211117T153619_R068_T17MQM_20211118T090643.tif,146.0,1.46,Lower Whisker
ROI_0093_03,D:\scburning\ROI_0093_03\S2A_MSIL2A_20221018T153621_R068_T17MQM_20221019T032341.tif,261.0,2.61,Lower Whisker
ROI_0094_02,D:\scburning\ROI_0094_02\S2B_MSIL2A_20171228T153609_R068_T17MQM_20201014T170435.tif,101.0,1.01,Lower Whisker
ROI_0094_02,D:\scburning\ROI_0094_02\S2A_MSIL2A_20180303T153621_R068_T17MQM_20201013T055730.tif,129.0,1.29,Lower Whisker
ROI_0094_02,D:\scburning\ROI_0094_02\S2A_MSIL2A_20180522T153621_R068_T17MQM_20201012T125608.tif,224.0,2.24,Lower Whisker
ROI_0094_02,D:\scburning\ROI_0094_02\S2A_MSIL2A_20181029T153621_R068_T17MQM_20201009T162807.tif,141.0,1.41,Lower Whisker
ROI_0094_02,D:\scburning\ROI_0094_02\S2A_MSIL2A_20190226T153611_R068_T17MQM_20201007T205043.tif,245.0,2.45,Lower Whisker
ROI_0094_02,D:\scburning\ROI_0094_02\S2A_MSIL2A_20190417T153621_R068_T17MQM_20201007T031103.tif,128.0,1.28,Lower Whisker
ROI_0094_02,D:\scburning\ROI_0094_02\S2A_MSIL2A_20200312T153621_R068_T17MQM_20201006T123835.tif,118.0,1.18,Lower Whisker
ROI_0094_02,D:\scburning\ROI_0094_02\S2A_MSIL2A_20200322T153621_R068_T17MQM_20201014T112220.tif,120.0,1.2,Lower Whisker
ROI_0094_02,D:\scburning\ROI_0094_02\S2B_MSIL2A_20200426T153619_R068_T17MQM_20200922T055905.tif,215.0,2.15,Lower Whisker
ROI_0094_02,D:\scburning\ROI_0094_02\S2A_MSIL2A_20200720T153621_R068_T17MQM_20200816T203443.tif,113.0,1.13,Lower Whisker
ROI_0094_02,D:\scburning\ROI_0094_02\S2A_MSIL2A_20201107T153621_R068_T17MQM_20201108T161511.tif,215.0,2.15,Lower Whisker
ROI_0094_02,D:\scburning\ROI_0094_02\S2B_MSIL2A_20210501T153619_R068_T17MQM_20210502T113142.tif,234.0,2.34,Lower Whisker
ROI_0094_04,D:\scburning\ROI_0094_04\S2A_MSIL2A_20170517T153621_R068_T17MQM_20210209T161253.tif,194.0,1.94,Lower Whisker
ROI_0094_04,D:\scburning\ROI_0094_04\S2A_MSIL2A_20180721T153621_R068_T17MQM_20201011T181944.tif,200.0,2.0,Lower Whisker
ROI_0094_04,D:\scburning\ROI_0094_04\S2B_MSIL2A_20181213T153609_R068_T17MQM_20201008T095318.tif,125.0,1.25,Lower Whisker
ROI_0094_04,D:\scburning\ROI_0094_04\S2A_MSIL2A_20190107T153611_R068_T17MQM_20201007T233158.tif,112.0,1.12,Lower Whisker
ROI_0094_04,D:\scburning\ROI_0094_04\S2B_MSIL2A_20190721T153629_R068_T17MQM_20201005T174324.tif,232.0,2.32,Lower Whisker
ROI_0094_04,D:\scburning\ROI_0094_04\S2A_MSIL2A_20191103T153621_R068_T17MQM_20201003T123805.tif,107.0,1.07,Lower Whisker
ROI_0094_04,D:\scburning\ROI_0094_04\S2B_MSIL2A_20200426T153619_R068_T17MQM_20200922T055905.tif,163.0,1.63,Lower Whisker
ROI_0094_04,D:\scburning\ROI_0094_04\S2B_MSIL2A_20200824T153619_R068_T17MQM_20200827T151710.tif,170.0,1.7,Lower Whisker
ROI_0094_04,D:\scburning\ROI_0094_04\S2B_MSIL2A_20210111T153619_R068_T17MQM_20210112T045836.tif,192.0,1.92,Lower Whisker
ROI_0094_04,D:\scburning\ROI_0094_04\S2B_MSIL2A_20210131T153619_R068_T17MQM_20210205T221132.tif,181.0,1.81,Lower Whisker
ROI_0094_04,D:\scburning\ROI_0094_04\S2B_MSIL2A_20210720T153619_R068_T17MQM_20210721T005551.tif,267.0,2.67,Lower Whisker
ROI_0094_04,D:\scburning\ROI_0094_04\S2A_MSIL2A_20220111T153621_R068_T17MQM_20220112T165253.tif,159.0,1.59,Lower Whisker
ROI_0096_01,D:\scburning\ROI_0096_01\S2B_MSIL2A_20180417T153619_R068_T17MQM_20201012T233240.tif,155.0,1.55,Lower Whisker
ROI_0096_01,D:\scburning\ROI_0096_01\S2B_MSIL2A_20190313T153619_R068_T17MQM_20201007T062342.tif,125.0,1.25,Lower Whisker
ROI_0096_01,D:\scburning\ROI_0096_01\S2B_MSIL2A_20191228T153619_R068_T17MQM_20201003T104509.tif,163.0,1.63,Lower Whisker
ROI_0096_01,D:\scburning\ROI_0096_01\S2A_MSIL2A_20200928T153621_R068_T17MQM_20200930T183936.tif,205.0,2.05,Lower Whisker
ROI_0096_01,D:\scburning\ROI_0096_01\S2A_MSIL2A_20201018T153621_R068_T17MQM_20201019T184756.tif,139.0,1.39,Lower Whisker
ROI_0096_01,D:\scburning\ROI_0096_01\S2B_MSIL2A_20201122T153619_R068_T17MQM_20201123T142620.tif,252.0,2.52,Lower Whisker
ROI_0096_01,D:\scburning\ROI_0096_01\S2B_MSIL2A_20210322T153619_R068_T17MQM_20210323T110554.tif,106.0,1.06,Lower Whisker
ROI_0096_01,D:\scburning\ROI_0096_01\S2B_MSIL2A_20220106T153619_R068_T17MQM_20220107T103530.tif,138.0,1.38,Lower Whisker
ROI_0096_02,D:\scburning\ROI_0096_02\S2A_MSIL2A_20180313T153611_R068_T17MQM_20201013T082612.tif,131.0,1.31,Lower Whisker
ROI_0096_02,D:\scburning\ROI_0096_02\S2B_MSIL2A_20180417T153619_R068_T17MQM_20201012T233240.tif,201.0,2.01,Lower Whisker
ROI_0096_02,D:\scburning\ROI_0096_02\S2B_MSIL2A_20190313T153619_R068_T17MQM_20201007T062342.tif,188.0,1.88,Lower Whisker
ROI_0096_02,D:\scburning\ROI_0096_02\S2B_MSIL2A_20191009T153619_R068_T17MQM_20201004T003107.tif,137.0,1.37,Lower Whisker
ROI_0096_03,D:\scburning\ROI_0096_03\S2B_MSIL2A_20180427T153619_R068_T17MQM_20201013T033125.tif,149.0,1.49,Lower Whisker
ROI_0096_03,D:\scburning\ROI_0096_03\S2A_MSIL2A_20180731T153621_R068_T17MQM_20201011T220512.tif,116.0,1.16,Lower Whisker
ROI_0096_03,D:\scburning\ROI_0096_03\S2A_MSIL2A_20191024T153621_R068_T17MQM_20201004T054349.tif,138.0,1.38,Lower Whisker
ROI_0096_03,D:\scburning\ROI_0096_03\S2A_MSIL2A_20200322T153621_R068_T17MQM_20201014T112220.tif,199.0,1.99,Lower Whisker
ROI_0096_03,D:\scburning\ROI_0096_03\S2B_MSIL2A_20200516T153619_R068_T17MQM_20200909T224134.tif,207.0,2.07,Lower Whisker
ROI_0096_03,D:\scburning\ROI_0096_03\S2A_MSIL2A_20200928T153621_R068_T17MQM_20200930T183936.tif,179.0,1.79,Lower Whisker
ROI_0096_03,D:\scburning\ROI_0096_03\S2B_MSIL2A_20201003T153619_R068_T17MQM_20201005T071123.tif,200.0,2.0,Lower Whisker
ROI_0096_03,D:\scburning\ROI_0096_03\S2B_MSIL2A_20210111T153619_R068_T17MQM_20210112T045836.tif,270.0,2.7,Lower Whisker
ROI_0096_03,D:\scburning\ROI_0096_03\S2B_MSIL2A_20210131T153619_R068_T17MQM_20210205T221132.tif,180.0,1.8,Lower Whisker
ROI_0096_03,D:\scburning\ROI_0096_03\S2A_MSIL2A_20211222T153621_R068_T17MQM_20230130T163027.tif,222.0,2.22,Lower Whisker
ROI_0096_03,D:\scburning\ROI_0096_03\S2B_MSIL2A_20220406T153619_R068_T17MQM_20220407T065638.tif,104.0,1.04,Lower Whisker
ROI_0096_03,D:\scburning\ROI_0096_03\S2A_MSIL2A_20220819T153631_R068_T17MQM_20220820T064229.tif,144.0,1.44,Lower Whisker
ROI_0097_04,D:\scburning\ROI_0097_04\S2A_MSIL2A_20171120T152641_R025_T17LQL_20201014T210856.tif,142.0,1.42,Lower Whisker
ROI_0097_04,D:\scburning\ROI_0097_04\S2A_MSIL2A_20180211T153621_R068_T17LQL_20201026T024516.tif,259.0,2.59,Lower Whisker
ROI_0097_04,D:\scburning\ROI_0097_04\S2B_MSIL2A_20180305T152629_R025_T17LQL_20201013T070138.tif,259.0,2.59,Lower Whisker
ROI_0097_04,D:\scburning\ROI_0097_04\S2B_MSIL2A_20181021T152639_R025_T17LQL_20201009T135912.tif,116.0,1.16,Lower Whisker
ROI_0097_04,D:\scburning\ROI_0097_04\S2A_MSIL2A_20181205T152631_R025_T17LQL_20201008T073327.tif,121.0,1.21,Lower Whisker
ROI_0097_04,D:\scburning\ROI_0097_04\S2A_MSIL2A_20190404T152641_R025_T17LQL_20201006T220352.tif,220.0,2.2,Lower Whisker
ROI_0097_04,D:\scburning\ROI_0097_04\S2B_MSIL2A_20200226T153619_R068_T17LQL_20200928T150833.tif,258.0,2.58,Lower Whisker
ROI_0097_04,D:\scburning\ROI_0097_04\S2A_MSIL2A_20200302T153611_R068_T17LQL_20200926T005147.tif,180.0,1.8,Lower Whisker
ROI_0097_04,D:\scburning\ROI_0097_04\S2B_MSIL2A_20200506T153619_R068_T17LQL_20200920T193428.tif,245.0,2.45,Lower Whisker
ROI_0097_04,D:\scburning\ROI_0097_04\S2A_MSIL2A_20200508T152641_R025_T17LQL_20200921T002755.tif,247.0,2.47,Lower Whisker
ROI_0097_04,D:\scburning\ROI_0097_04\S2B_MSIL2A_20200516T153619_R068_T17LQL_20200909T224058.tif,228.0,2.28,Lower Whisker
ROI_0097_04,D:\scburning\ROI_0097_04\S2A_MSIL2A_20200521T153631_R068_T17LQL_20200910T104915.tif,252.0,2.52,Lower Whisker
ROI_0097_04,D:\scburning\ROI_0097_04\S2B_MSIL2A_20220123T152639_R025_T17LQL_20220124T081054.tif,222.0,2.22,Lower Whisker
ROI_0097_04,D:\scburning\ROI_0097_04\S2A_MSIL2A_20220128T152641_R025_T17LQL_20220213T123409.tif,143.0,1.43,Lower Whisker
ROI_0097_04,D:\scburning\ROI_0097_04\S2B_MSIL2A_20220307T153619_R068_T17LQL_20220308T055208.tif,201.0,2.01,Lower Whisker
ROI_0097_04,D:\scburning\ROI_0097_04\S2A_MSIL2A_20221207T153621_R068_T17LQL_20221208T174402.tif,142.0,1.42,Lower Whisker
ROI_0098_04,D:\scburning\ROI_0098_04\S2A_MSIL2A_20170517T153621_R068_T17MQM_20210209T161253.tif,190.0,1.9,Lower Whisker
ROI_0098_04,D:\scburning\ROI_0098_04\S2A_MSIL2A_20170606T153621_R068_T17MQM_20210209T205720.tif,204.0,2.04,Lower Whisker
ROI_0098_04,D:\scburning\ROI_0098_04\S2B_MSIL2A_20180124T152629_R025_T17MQM_20201014T082939.tif,158.0,1.58,Lower Whisker
ROI_0098_04,D:\scburning\ROI_0098_04\S2A_MSIL2A_20180731T153621_R068_T17MQM_20201011T220512.tif,101.0,1.01,Lower Whisker
ROI_0098_04,D:\scburning\ROI_0098_04\S2A_MSIL2A_20180916T152641_R025_T17MQM_20201009T014000.tif,261.0,2.61,Lower Whisker
ROI_0098_04,D:\scburning\ROI_0098_04\S2A_MSIL2A_20181215T152631_R025_T17MQM_20201008T101804.tif,131.0,1.31,Lower Whisker
ROI_0098_04,D:\scburning\ROI_0098_04\S2B_MSIL2A_20190303T153619_R068_T17MQM_20201030T120236.tif,158.0,1.58,Lower Whisker
ROI_0098_04,D:\scburning\ROI_0098_04\S2B_MSIL2A_20190320T152639_R025_T17MQM_20201007T084612.tif,236.0,2.36,Lower Whisker
ROI_0098_04,D:\scburning\ROI_0098_04\S2A_MSIL2A_20190404T152641_R025_T17MQM_20201006T220349.tif,109.0,1.09,Lower Whisker
ROI_0098_04,D:\scburning\ROI_0098_04\S2B_MSIL2A_20190711T153629_R068_T17MQM_20201005T124128.tif,125.0,1.25,Lower Whisker
ROI_0098_04,D:\scburning\ROI_0098_04\S2B_MSIL2A_20200324T152639_R025_T17MQM_20201018T190645.tif,128.0,1.28,Lower Whisker
ROI_0098_04,D:\scburning\ROI_0098_04\S2B_MSIL2A_20201013T153619_R068_T17MQM_20201015T033340.tif,165.0,1.65,Lower Whisker
ROI_0098_04,D:\scburning\ROI_0098_04\S2B_MSIL2A_20201122T153619_R068_T17MQM_20201123T142620.tif,139.0,1.39,Lower Whisker
ROI_0098_04,D:\scburning\ROI_0098_04\S2B_MSIL2A_20210421T153619_R068_T17MQM_20210422T232623.tif,119.0,1.19,Lower Whisker
ROI_0098_04,D:\scburning\ROI_0098_04\S2B_MSIL2A_20210816T152639_R025_T17MQM_20210817T014015.tif,127.0,1.27,Lower Whisker
ROI_0098_04,D:\scburning\ROI_0098_04\S2B_MSIL2A_20220615T153619_R068_T17MQM_20220618T155859.tif,219.0,2.19,Lower Whisker
ROI_0099_01,D:\scburning\ROI_0099_01\S2A_MSIL2A_20170407T153621_R068_T17MQM_20210209T053656.tif,126.0,1.26,Lower Whisker
ROI_0099_01,D:\scburning\ROI_0099_01\S2A_MSIL2A_20171024T153621_R068_T17MQM_20201015T015836.tif,164.0,1.64,Lower Whisker
ROI_0099_01,D:\scburning\ROI_0099_01\S2B_MSIL2A_20180305T152629_R025_T17MQM_20201013T070138.tif,212.0,2.12,Lower Whisker
ROI_0099_01,D:\scburning\ROI_0099_01\S2B_MSIL2A_20180407T153619_R068_T17MQM_20201012T193455.tif,201.0,2.01,Lower Whisker
ROI_0099_01,D:\scburning\ROI_0099_01\S2B_MSIL2A_20180427T153619_R068_T17MQM_20201013T033125.tif,104.0,1.04,Lower Whisker
ROI_0099_01,D:\scburning\ROI_0099_01\S2A_MSIL2A_20180906T152641_R025_T17MQM_20201011T091607.tif,261.0,2.61,Lower Whisker
ROI_0099_01,D:\scburning\ROI_0099_01\S2A_MSIL2A_20181006T152641_R025_T17MQM_20201009T084310.tif,104.0,1.04,Lower Whisker
ROI_0099_01,D:\scburning\ROI_0099_01\S2B_MSIL2A_20190509T152649_R025_T17MQM_20201006T120905.tif,171.0,1.71,Lower Whisker
ROI_0099_01,D:\scburning\ROI_0099_01\S2B_MSIL2A_20190601T153629_R068_T17MQM_20201005T205705.tif,267.0,2.67,Lower Whisker
ROI_0099_01,D:\scburning\ROI_0099_01\S2A_MSIL2A_20191014T153621_R068_T17MQM_20201004T021132.tif,132.0,1.32,Lower Whisker
ROI_0099_01,D:\scburning\ROI_0099_01\S2B_MSIL2A_20200423T152639_R025_T17MQM_20200921T202140.tif,133.0,1.33,Lower Whisker
ROI_0099_01,D:\scburning\ROI_0099_01\S2B_MSIL2A_20200705T153619_R068_T17MQM_20200825T085216.tif,249.0,2.49,Lower Whisker
ROI_0099_01,D:\scburning\ROI_0099_01\S2B_MSIL2A_20210131T153619_R068_T17MQM_20210205T221132.tif,155.0,1.55,Lower Whisker
ROI_0099_01,D:\scburning\ROI_0099_01\S2B_MSIL2A_20210421T153619_R068_T17MQM_20210422T232623.tif,132.0,1.32,Lower Whisker
ROI_0099_01,D:\scburning\ROI_0099_01\S2A_MSIL2A_20210910T152641_R025_T17MQM_20210911T023133.tif,185.0,1.85,Lower Whisker
ROI_0099_01,D:\scburning\ROI_0099_01\S2B_MSIL2A_20210925T152639_R025_T17MQM_20210926T160832.tif,105.0,1.05,Lower Whisker
ROI_0099_01,D:\scburning\ROI_0099_01\S2B_MSIL2A_20211114T152639_R025_T17MQM_20211115T025041.tif,117.0,1.17,Lower Whisker
ROI_0099_01,D:\scburning\ROI_0099_01\S2A_MSIL2A_20211209T152641_R025_T17MQM_20211210T051823.tif,128.0,1.28,Lower Whisker
ROI_0099_01,D:\scburning\ROI_0099_01\S2B_MSIL2A_20220103T152639_R025_T17MQM_20220104T104936.tif,144.0,1.44,Lower Whisker
ROI_0103_04,D:\scburning\ROI_0103_04\S2A_MSIL2A_20171230T152631_R025_T17LQL_20201014T172024.tif,102.0,1.02,Lower Whisker
ROI_0103_04,D:\scburning\ROI_0103_04\S2A_MSIL2A_20180320T152641_R025_T17LQL_20201013T113813.tif,237.0,2.37,Lower Whisker
ROI_0103_04,D:\scburning\ROI_0103_04\S2A_MSIL2A_20181205T152631_R025_T17LQL_20201008T073327.tif,153.0,1.53,Lower Whisker
ROI_0103_04,D:\scburning\ROI_0103_04\S2B_MSIL2A_20190320T152639_R025_T17LQL_20201007T084617.tif,180.0,1.8,Lower Whisker
ROI_0103_04,D:\scburning\ROI_0103_04\S2B_MSIL2A_20191016T152639_R025_T17LQL_20201004T030608.tif,148.0,1.48,Lower Whisker
ROI_0103_04,D:\scburning\ROI_0103_04\S2B_MSIL2A_20200324T152639_R025_T17LQL_20201018T190627.tif,139.0,1.39,Lower Whisker
ROI_0103_04,D:\scburning\ROI_0103_04\S2A_MSIL2A_20210304T152641_R025_T17LQL_20210305T040755.tif,110.0,1.1,Lower Whisker
ROI_0103_04,D:\scburning\ROI_0103_04\S2A_MSIL2A_20210423T152641_R025_T17LQL_20210425T111015.tif,117.0,1.17,Lower Whisker
ROI_0103_04,D:\scburning\ROI_0103_04\S2A_MSIL2A_20210503T152641_R025_T17LQL_20210504T161358.tif,215.0,2.15,Lower Whisker
ROI_0103_04,D:\scburning\ROI_0103_04\S2A_MSIL2A_20211129T152641_R025_T17LQL_20211130T110435.tif,172.0,1.72,Lower Whisker
ROI_0103_04,D:\scburning\ROI_0103_04\S2B_MSIL2A_20220103T152639_R025_T17LQL_20220104T112138.tif,126.0,1.26,Lower Whisker
ROI_0103_04,D:\scburning\ROI_0103_04\S2A_MSIL2A_20221124T152641_R025_T17LQL_20221125T204451.tif,166.0,1.66,Lower Whisker
ROI_0118_01,D:\scburning\ROI_0118_01\S2B_MSIL2A_20180223T152629_R025_T17LQK_20201014T004251.tif,143.0,1.43,Lower Whisker
ROI_0118_01,D:\scburning\ROI_0118_01\S2A_MSIL2A_20180429T152641_R025_T17LQK_20201026T081252.tif,107.0,1.07,Lower Whisker
ROI_0118_01,D:\scburning\ROI_0118_01\S2A_MSIL2A_20190124T152641_R025_T17LQK_20201008T041313.tif,177.0,1.77,Lower Whisker
ROI_0118_01,D:\scburning\ROI_0118_01\S2A_MSIL2A_20190213T152641_R025_T17LQK_20201007T162446.tif,137.0,1.37,Lower Whisker
ROI_0118_01,D:\scburning\ROI_0118_01\S2B_MSIL2A_20190228T152639_R025_T17LQK_20201007T214327.tif,164.0,1.64,Lower Whisker
ROI_0118_01,D:\scburning\ROI_0118_01\S2B_MSIL2A_20190320T152639_R025_T17LQK_20201105T104317.tif,210.0,2.1,Lower Whisker
ROI_0118_01,D:\scburning\ROI_0118_01\S2A_MSIL2A_20190514T152641_R025_T17LQK_20201106T003501.tif,108.0,1.08,Lower Whisker
ROI_0118_01,D:\scburning\ROI_0118_01\S2A_MSIL2A_20210314T152641_R025_T17LQK_20210315T021707.tif,144.0,1.44,Lower Whisker
ROI_0118_01,D:\scburning\ROI_0118_01\S2A_MSIL2A_20220915T152651_R025_T17LQK_20220916T083351.tif,253.0,2.53,Lower Whisker
ROI_0118_03,D:\scburning\ROI_0118_03\S2B_MSIL2A_20180404T152639_R025_T17LQK_20201012T182308.tif,214.0,2.14,Lower Whisker
ROI_0118_03,D:\scburning\ROI_0118_03\S2A_MSIL2A_20180419T152641_R025_T17LQK_20201013T000043.tif,134.0,1.34,Lower Whisker
ROI_0118_03,D:\scburning\ROI_0118_03\S2A_MSIL2A_20180429T152641_R025_T17LQK_20201026T081252.tif,238.0,2.38,Lower Whisker
ROI_0118_03,D:\scburning\ROI_0118_03\S2A_MSIL2A_20180926T152641_R025_T17LQK_20201009T050500.tif,115.0,1.15,Lower Whisker
ROI_0118_03,D:\scburning\ROI_0118_03\S2A_MSIL2A_20181215T152631_R025_T17LQK_20201008T101802.tif,106.0,1.06,Lower Whisker
ROI_0118_03,D:\scburning\ROI_0118_03\S2A_MSIL2A_20190104T152631_R025_T17LQK_20201007T224219.tif,224.0,2.24,Lower Whisker
ROI_0118_03,D:\scburning\ROI_0118_03\S2B_MSIL2A_20190409T152649_R025_T17LQK_20201007T001340.tif,188.0,1.88,Lower Whisker
ROI_0118_03,D:\scburning\ROI_0118_03\S2A_MSIL2A_20191110T152641_R025_T17LQK_20201003T150321.tif,125.0,1.25,Lower Whisker
ROI_0118_03,D:\scburning\ROI_0118_03\S2B_MSIL2A_20200223T152639_R025_T17LQK_20200928T010527.tif,268.0,2.68,Lower Whisker
ROI_0118_03,D:\scburning\ROI_0118_03\S2A_MSIL2A_20200309T152641_R025_T17LQK_20201101T171253.tif,212.0,2.12,Lower Whisker
ROI_0118_03,D:\scburning\ROI_0118_03\S2A_MSIL2A_20200428T152641_R025_T17LQK_20200922T104829.tif,232.0,2.32,Lower Whisker
ROI_0118_03,D:\scburning\ROI_0118_03\S2B_MSIL2A_20200523T152639_R025_T17LQK_20200910T175810.tif,209.0,2.09,Lower Whisker
ROI_0118_03,D:\scburning\ROI_0118_03\S2B_MSIL2A_20210217T152639_R025_T17LQK_20210219T085505.tif,152.0,1.52,Lower Whisker
ROI_0118_03,D:\scburning\ROI_0118_03\S2B_MSIL2A_20211005T152639_R025_T17LQK_20211006T044547.tif,129.0,1.29,Lower Whisker
ROI_0118_03,D:\scburning\ROI_0118_03\S2B_MSIL2A_20211224T152639_R025_T17LQK_20211225T051750.tif,183.0,1.83,Lower Whisker
ROI_0119_02,D:\scburning\ROI_0119_02\S2A_MSIL2A_20170325T152631_R025_T17LQK_20210209T013830.tif,109.0,1.09,Lower Whisker
ROI_0119_02,D:\scburning\ROI_0119_02\S2A_MSIL2A_20171230T152631_R025_T17LQK_20201014T172007.tif,234.0,2.34,Lower Whisker
ROI_0119_02,D:\scburning\ROI_0119_02\S2A_MSIL2A_20180228T152641_R025_T17LQK_20201014T015315.tif,196.0,1.96,Lower Whisker
ROI_0119_02,D:\scburning\ROI_0119_02\S2B_MSIL2A_20180305T152629_R025_T17LQK_20201013T070139.tif,199.0,1.99,Lower Whisker
ROI_0119_02,D:\scburning\ROI_0119_02\S2A_MSIL2A_20180330T152641_R025_T17LQK_20201013T163512.tif,154.0,1.54,Lower Whisker
ROI_0119_02,D:\scburning\ROI_0119_02\S2B_MSIL2A_20181031T152639_R025_T17LQK_20201009T171526.tif,131.0,1.31,Lower Whisker
ROI_0119_02,D:\scburning\ROI_0119_02\S2B_MSIL2A_20191016T152639_R025_T17LQK_20201004T030612.tif,230.0,2.3,Lower Whisker
ROI_0119_02,D:\scburning\ROI_0119_02\S2A_MSIL2A_20191110T152641_R025_T17LQK_20201003T150321.tif,163.0,1.63,Lower Whisker
ROI_0119_02,D:\scburning\ROI_0119_02\S2B_MSIL2A_20191205T152639_R025_T17LQK_20201003T011254.tif,253.0,2.53,Lower Whisker
ROI_0119_02,D:\scburning\ROI_0119_02\S2B_MSIL2A_20200114T152639_R025_T17LQK_20201002T184350.tif,187.0,1.87,Lower Whisker
ROI_0119_02,D:\scburning\ROI_0119_02\S2B_MSIL2A_20200304T152639_R025_T17LQK_20200928T092418.tif,186.0,1.86,Lower Whisker
ROI_0119_02,D:\scburning\ROI_0119_02\S2B_MSIL2A_20210418T152639_R025_T17LQK_20210421T195037.tif,120.0,1.2,Lower Whisker
ROI_0119_02,D:\scburning\ROI_0119_02\S2B_MSIL2A_20220503T152639_R025_T17LQK_20220504T054912.tif,109.0,1.09,Lower Whisker
ROI_0119_02,D:\scburning\ROI_0119_02\S2A_MSIL2A_20220915T152651_R025_T17LQK_20220916T083351.tif,233.0,2.33,Lower Whisker
ROI_0119_02,D:\scburning\ROI_0119_02\S2A_MSIL2A_20221124T152641_R025_T17LQK_20221125T203426.tif,144.0,1.44,Lower Whisker
ROI_0119_03,D:\scburning\ROI_0119_03\S2A_MSIL2A_20171230T152631_R025_T17LQK_20201014T172007.tif,182.0,1.82,Lower Whisker
ROI_0119_03,D:\scburning\ROI_0119_03\S2A_MSIL2A_20180429T152641_R025_T17LQK_20201026T081252.tif,112.0,1.12,Lower Whisker
ROI_0119_03,D:\scburning\ROI_0119_03\S2B_MSIL2A_20180603T152639_R025_T17LQK_20201026T143209.tif,216.0,2.16,Lower Whisker
ROI_0119_03,D:\scburning\ROI_0119_03\S2A_MSIL2A_20190911T152641_R025_T17LQK_20201004T115150.tif,239.0,2.39,Lower Whisker
ROI_0119_03,D:\scburning\ROI_0119_03\S2A_MSIL2A_20191110T152641_R025_T17LQK_20201003T150321.tif,148.0,1.48,Lower Whisker
ROI_0119_03,D:\scburning\ROI_0119_03\S2A_MSIL2A_20191230T152631_R025_T17LQK_20201003T111617.tif,154.0,1.54,Lower Whisker
ROI_0119_03,D:\scburning\ROI_0119_03\S2B_MSIL2A_20200403T152639_R025_T17LQK_20200924T214704.tif,229.0,2.29,Lower Whisker
ROI_0119_03,D:\scburning\ROI_0119_03\S2A_MSIL2A_20200428T152641_R025_T17LQK_20200922T104829.tif,103.0,1.03,Lower Whisker
ROI_0119_03,D:\scburning\ROI_0119_03\S2B_MSIL2A_20200622T152639_R025_T17LQK_20200823T175917.tif,112.0,1.12,Lower Whisker
ROI_0119_03,D:\scburning\ROI_0119_03\S2A_MSIL2A_20200905T152641_R025_T17LQK_20200908T031503.tif,115.0,1.15,Lower Whisker
ROI_0119_03,D:\scburning\ROI_0119_03\S2B_MSIL2A_20201010T152639_R025_T17LQK_20201028T132525.tif,214.0,2.14,Lower Whisker
ROI_0119_03,D:\scburning\ROI_0119_03\S2B_MSIL2A_20201119T152639_R025_T17LQK_20201121T024214.tif,111.0,1.11,Lower Whisker
ROI_0119_03,D:\scburning\ROI_0119_03\S2A_MSIL2A_20210113T152641_R025_T17LQK_20210115T055440.tif,122.0,1.22,Lower Whisker
ROI_0119_03,D:\scburning\ROI_0119_03\S2B_MSIL2A_20210217T152639_R025_T17LQK_20210219T085505.tif,190.0,1.9,Lower Whisker
ROI_0119_03,D:\scburning\ROI_0119_03\S2A_MSIL2A_20210523T152641_R025_T17LQK_20210605T154051.tif,220.0,2.2,Lower Whisker
ROI_0119_03,D:\scburning\ROI_0119_03\S2A_MSIL2A_20220118T152641_R025_T17LQK_20220119T130201.tif,132.0,1.32,Lower Whisker
ROI_0119_03,D:\scburning\ROI_0119_03\S2B_MSIL2A_20220222T152639_R025_T17LQK_20220228T161954.tif,115.0,1.15,Lower Whisker
ROI_0119_04,D:\scburning\ROI_0119_04\S2A_MSIL2A_20171230T152631_R025_T17LQK_20201014T172007.tif,222.0,2.22,Lower Whisker
ROI_0119_04,D:\scburning\ROI_0119_04\S2B_MSIL2A_20180223T152629_R025_T17LQK_20201014T004251.tif,101.0,1.01,Lower Whisker
ROI_0119_04,D:\scburning\ROI_0119_04\S2B_MSIL2A_20180315T152629_R025_T17LQK_20201013T093155.tif,110.0,1.1,Lower Whisker
ROI_0119_04,D:\scburning\ROI_0119_04\S2A_MSIL2A_20180320T152641_R025_T17LQK_20201013T113812.tif,135.0,1.35,Lower Whisker
ROI_0119_04,D:\scburning\ROI_0119_04\S2B_MSIL2A_20180921T152629_R025_T17LQK_20201009T033413.tif,267.0,2.67,Lower Whisker
ROI_0119_04,D:\scburning\ROI_0119_04\S2B_MSIL2A_20190119T152639_R025_T17LQK_20201008T025857.tif,109.0,1.09,Lower Whisker
ROI_0119_04,D:\scburning\ROI_0119_04\S2A_MSIL2A_20190404T152641_R025_T17LQK_20201006T220353.tif,154.0,1.54,Lower Whisker
ROI_0119_04,D:\scburning\ROI_0119_04\S2B_MSIL2A_20191026T152639_R025_T17LQK_20201004T063050.tif,193.0,1.93,Lower Whisker
ROI_0119_04,D:\scburning\ROI_0119_04\S2B_MSIL2A_20200213T152639_R025_T17LQK_20201001T223011.tif,128.0,1.28,Lower Whisker
ROI_0119_04,D:\scburning\ROI_0119_04\S2B_MSIL2A_20200811T152639_R025_T17LQK_20200814T175014.tif,110.0,1.1,Lower Whisker
ROI_0119_04,D:\scburning\ROI_0119_04\S2A_MSIL2A_20210202T152641_R025_T17LQK_20210203T041721.tif,124.0,1.24,Lower Whisker
ROI_0119_04,D:\scburning\ROI_0119_04\S2A_MSIL2A_20210314T152641_R025_T17LQK_20210315T021707.tif,217.0,2.17,Lower Whisker
ROI_0119_04,D:\scburning\ROI_0119_04\S2A_MSIL2A_20210523T152641_R025_T17LQK_20210605T154051.tif,226.0,2.26,Lower Whisker
ROI_0119_04,D:\scburning\ROI_0119_04\S2A_MSIL2A_20210930T152641_R025_T17LQK_20211002T011855.tif,252.0,2.52,Lower Whisker
ROI_0119_04,D:\scburning\ROI_0119_04\S2A_MSIL2A_20220118T152641_R025_T17LQK_20220119T130201.tif,169.0,1.69,Lower Whisker
ROI_0119_04,D:\scburning\ROI_0119_04\S2B_MSIL2A_20220222T152639_R025_T17LQK_20220228T161954.tif,116.0,1.16,Lower Whisker
ROI_0119_04,D:\scburning\ROI_0119_04\S2B_MSIL2A_20221209T152639_R025_T17LQK_20221210T115044.tif,131.0,1.31,Lower Whisker
ROI_0120_02,D:\scburning\ROI_0120_02\S2A_MSIL2A_20180228T152641_R025_T17LQK_20201014T015315.tif,256.0,2.56,Lower Whisker
ROI_0120_02,D:\scburning\ROI_0120_02\S2A_MSIL2A_20191230T152631_R025_T17LQK_20201003T111617.tif,183.0,1.83,Lower Whisker
ROI_0120_02,D:\scburning\ROI_0120_02\S2A_MSIL2A_20200218T152631_R025_T17LQK_20200929T193257.tif,159.0,1.59,Lower Whisker
ROI_0120_02,D:\scburning\ROI_0120_02\S2B_MSIL2A_20210217T152639_R025_T17LQK_20210219T085505.tif,237.0,2.37,Lower Whisker
ROI_0120_02,D:\scburning\ROI_0120_02\S2B_MSIL2A_20220103T152639_R025_T17LQK_20220104T104039.tif,176.0,1.76,Lower Whisker
ROI_0120_02,D:\scburning\ROI_0120_02\S2B_MSIL2A_20220123T152639_R025_T17LQK_20220124T084826.tif,188.0,1.88,Lower Whisker
ROI_0120_02,D:\scburning\ROI_0120_02\S2A_MSIL2A_20220329T152641_R025_T17LQK_20220330T042030.tif,150.0,1.5,Lower Whisker
ROI_0120_02,D:\scburning\ROI_0120_02\S2A_MSIL2A_20220518T152651_R025_T17LQK_20220520T132453.tif,149.0,1.49,Lower Whisker
ROI_0123_03,D:\scburning\ROI_0123_03\S2A_MSIL2A_20170305T152631_R025_T17LRJ_20210208T195407.tif,200.0,2.0,Lower Whisker
ROI_0123_03,D:\scburning\ROI_0123_03\S2A_MSIL2A_20190305T152631_R025_T17LRJ_20201030T161022.tif,175.0,1.75,Lower Whisker
ROI_0123_03,D:\scburning\ROI_0123_03\S2B_MSIL2A_20200413T152639_R025_T17LRJ_20200923T095817.tif,105.0,1.05,Lower Whisker
ROI_0123_03,D:\scburning\ROI_0123_03\S2B_MSIL2A_20220103T152639_R025_T17LRJ_20220104T094944.tif,134.0,1.34,Lower Whisker
ROI_0123_03,D:\scburning\ROI_0123_03\S2A_MSIL2A_20220207T152641_R025_T17LRJ_20220220T220106.tif,187.0,1.87,Lower Whisker
ROI_0124_01,D:\scburning\ROI_0124_01\S2B_MSIL2A_20180325T152639_R025_T17LRJ_20201013T141539.tif,208.0,2.08,Lower Whisker
ROI_0124_01,D:\scburning\ROI_0124_01\S2B_MSIL2A_20180414T152639_R025_T17LRJ_20201012T222255.tif,244.0,2.44,Lower Whisker
ROI_0124_01,D:\scburning\ROI_0124_01\S2B_MSIL2A_20201119T152639_R025_T17LRJ_20201121T024853.tif,112.0,1.12,Lower Whisker
ROI_0124_01,D:\scburning\ROI_0124_01\S2A_MSIL2A_20201204T152641_R025_T17LRJ_20201205T154221.tif,131.0,1.31,Lower Whisker
ROI_0124_01,D:\scburning\ROI_0124_01\S2A_MSIL2A_20210413T152631_R025_T17LRJ_20210414T111403.tif,179.0,1.79,Lower Whisker
ROI_0124_01,D:\scburning\ROI_0124_01\S2B_MSIL2A_20220811T152639_R025_T17LRJ_20220812T105452.tif,122.0,1.22,Lower Whisker
ROI_0124_02,D:\scburning\ROI_0124_02\S2A_MSIL2A_20180228T152641_R025_T17LRJ_20201014T015322.tif,145.0,1.45,Lower Whisker
ROI_0124_02,D:\scburning\ROI_0124_02\S2B_MSIL2A_20180414T152639_R025_T17LRJ_20201012T222255.tif,237.0,2.37,Lower Whisker
ROI_0124_02,D:\scburning\ROI_0124_02\S2B_MSIL2A_20190519T152649_R025_T17LRJ_20201006T161707.tif,167.0,1.67,Lower Whisker
ROI_0124_02,D:\scburning\ROI_0124_02\S2A_MSIL2A_20200329T152641_R025_T17LRJ_20201020T191717.tif,131.0,1.31,Lower Whisker
ROI_0125_01,D:\scburning\ROI_0125_01\S2B_MSIL2A_20180325T152639_R025_T17LRJ_20201013T141539.tif,159.0,1.59,Lower Whisker
ROI_0125_01,D:\scburning\ROI_0125_01\S2A_MSIL2A_20190305T152631_R025_T17LRJ_20201030T161022.tif,222.0,2.22,Lower Whisker
ROI_0125_01,D:\scburning\ROI_0125_01\S2B_MSIL2A_20210108T152639_R025_T17LRJ_20210109T065913.tif,123.0,1.23,Lower Whisker
ROI_0125_01,D:\scburning\ROI_0125_01\S2B_MSIL2A_20210217T152639_R025_T17LRJ_20210219T084347.tif,122.0,1.22,Lower Whisker
ROI_0125_02,D:\scburning\ROI_0125_02\S2A_MSIL2A_20170325T152631_R025_T17LRJ_20210209T013834.tif,141.0,1.41,Lower Whisker
ROI_0125_02,D:\scburning\ROI_0125_02\S2A_MSIL2A_20170613T152641_R025_T17LRJ_20210209T224114.tif,145.0,1.45,Lower Whisker
ROI_0125_02,D:\scburning\ROI_0125_02\S2B_MSIL2A_20180114T152629_R025_T17LRJ_20201014T054843.tif,120.0,1.2,Lower Whisker
ROI_0125_02,D:\scburning\ROI_0125_02\S2B_MSIL2A_20200413T152639_R025_T17LRJ_20200923T095817.tif,117.0,1.17,Lower Whisker
ROI_0125_02,D:\scburning\ROI_0125_02\S2B_MSIL2A_20201010T152639_R025_T17LRJ_20201028T132318.tif,114.0,1.14,Lower Whisker
ROI_0125_02,D:\scburning\ROI_0125_02\S2B_MSIL2A_20210108T152639_R025_T17LRJ_20210109T065913.tif,102.0,1.02,Lower Whisker
ROI_0125_02,D:\scburning\ROI_0125_02\S2B_MSIL2A_20220503T152639_R025_T17LRJ_20220504T061104.tif,106.0,1.06,Lower Whisker
ROI_0127_02,D:\scburning\ROI_0127_02\S2A_MSIL2A_20170325T152631_R025_T18LTP_20210209T013842.tif,197.0,1.97,Lower Whisker
ROI_0127_02,D:\scburning\ROI_0127_02\S2B_MSIL2A_20180315T152629_R025_T18LTP_20201013T093200.tif,107.0,1.07,Lower Whisker
ROI_0127_02,D:\scburning\ROI_0127_02\S2B_MSIL2A_20180414T152639_R025_T18LTP_20201012T222259.tif,232.0,2.32,Lower Whisker
ROI_0127_02,D:\scburning\ROI_0127_02\S2A_MSIL2A_20190822T152641_R025_T18LTP_20201005T032716.tif,126.0,1.26,Lower Whisker
ROI_0127_02,D:\scburning\ROI_0127_02\S2B_MSIL2A_20200114T152639_R025_T18LTP_20201002T184355.tif,115.0,1.15,Lower Whisker
ROI_0127_02,D:\scburning\ROI_0127_02\S2B_MSIL2A_20200423T152639_R025_T18LTP_20200921T202156.tif,206.0,2.06,Lower Whisker
ROI_0127_02,D:\scburning\ROI_0127_02\S2A_MSIL2A_20200428T152641_R025_T18LTP_20200922T104857.tif,105.0,1.05,Lower Whisker
ROI_0127_02,D:\scburning\ROI_0127_02\S2A_MSIL2A_20200925T152641_R025_T18LTP_20200926T221612.tif,223.0,2.23,Lower Whisker
ROI_0127_02,D:\scburning\ROI_0127_02\S2B_MSIL2A_20201119T152639_R025_T18LTP_20201121T031257.tif,153.0,1.53,Lower Whisker
ROI_0127_02,D:\scburning\ROI_0127_02\S2B_MSIL2A_20210108T152639_R025_T18LTP_20210109T065439.tif,213.0,2.13,Lower Whisker
ROI_0127_02,D:\scburning\ROI_0127_02\S2B_MSIL2A_20220503T152639_R025_T18LTP_20220504T060820.tif,136.0,1.36,Lower Whisker
ROI_0128_01,D:\scburning\ROI_0128_01\S2B_MSIL2A_20180124T152629_R025_T18LTP_20201014T082943.tif,105.0,1.05,Lower Whisker
ROI_0128_01,D:\scburning\ROI_0128_01\S2B_MSIL2A_20190529T152649_R025_T18LTP_20201006T195641.tif,175.0,1.75,Lower Whisker
ROI_0128_01,D:\scburning\ROI_0128_01\S2A_MSIL2A_20200218T152631_R025_T18LTP_20200929T193331.tif,152.0,1.52,Lower Whisker
ROI_0128_01,D:\scburning\ROI_0128_01\S2A_MSIL2A_20211010T152641_R025_T18LTP_20211011T030009.tif,131.0,1.31,Lower Whisker
ROI_0128_03,D:\scburning\ROI_0128_03\S2A_MSIL2A_20180519T152641_R025_T18LTP_20201012T114110.tif,128.0,1.28,Lower Whisker
ROI_0128_03,D:\scburning\ROI_0128_03\S2A_MSIL2A_20180926T152641_R025_T18LTP_20201009T050507.tif,195.0,1.95,Lower Whisker
ROI_0128_03,D:\scburning\ROI_0128_03\S2A_MSIL2A_20190305T152631_R025_T18LTP_20201030T161038.tif,102.0,1.02,Lower Whisker
ROI_0128_03,D:\scburning\ROI_0128_03\S2B_MSIL2A_20190330T152639_R025_T18LTP_20201007T123313.tif,219.0,2.19,Lower Whisker
ROI_0128_03,D:\scburning\ROI_0128_03\S2B_MSIL2A_20190608T152649_R025_T18LTP_20201005T234836.tif,205.0,2.05,Lower Whisker
ROI_0128_03,D:\scburning\ROI_0128_03\S2A_MSIL2A_20191230T152631_R025_T18LTP_20201003T111516.tif,234.0,2.34,Lower Whisker
ROI_0128_03,D:\scburning\ROI_0128_03\S2B_MSIL2A_20200304T152639_R025_T18LTP_20200928T092302.tif,173.0,1.73,Lower Whisker
ROI_0128_03,D:\scburning\ROI_0128_03\S2B_MSIL2A_20200523T152639_R025_T18LTP_20200910T175825.tif,224.0,2.24,Lower Whisker
ROI_0128_03,D:\scburning\ROI_0128_03\S2B_MSIL2A_20210217T152639_R025_T18LTP_20210219T082221.tif,220.0,2.2,Lower Whisker
ROI_0128_03,D:\scburning\ROI_0128_03\S2A_MSIL2A_20220627T152651_R025_T18LTP_20220628T095805.tif,107.0,1.07,Lower Whisker
ROI_0138_04,D:\scburning\ROI_0138_04\S2A_MSIL2A_20170504T152641_R025_T18LTN_20210209T130043.tif,102.0,1.02,Lower Whisker
ROI_0138_04,D:\scburning\ROI_0138_04\S2A_MSIL2A_20170703T152641_R025_T18LTN_20210210T041054.tif,212.0,2.12,Lower Whisker
ROI_0138_04,D:\scburning\ROI_0138_04\S2B_MSIL2A_20171026T152629_R025_T18LTN_20201015T022738.tif,239.0,2.39,Lower Whisker
ROI_0138_04,D:\scburning\ROI_0138_04\S2B_MSIL2A_20180514T152639_R025_T18LTN_20201012T095542.tif,242.0,2.42,Lower Whisker
ROI_0138_04,D:\scburning\ROI_0138_04\S2A_MSIL2A_20180519T152641_R025_T18LTN_20201012T114107.tif,229.0,2.29,Lower Whisker
ROI_0138_04,D:\scburning\ROI_0138_04\S2A_MSIL2A_20181016T152641_R025_T18LTN_20201009T120620.tif,142.0,1.42,Lower Whisker
ROI_0138_04,D:\scburning\ROI_0138_04\S2A_MSIL2A_20190504T152641_R025_T18LTN_20201006T095344.tif,233.0,2.33,Lower Whisker
ROI_0138_04,D:\scburning\ROI_0138_04\S2B_MSIL2A_20190509T152649_R025_T18LTN_20201006T120912.tif,149.0,1.49,Lower Whisker
ROI_0138_04,D:\scburning\ROI_0138_04\S2B_MSIL2A_20190519T152649_R025_T18LTN_20201006T161706.tif,106.0,1.06,Lower Whisker
ROI_0138_04,D:\scburning\ROI_0138_04\S2B_MSIL2A_20191205T152639_R025_T18LTN_20201003T011257.tif,192.0,1.92,Lower Whisker
ROI_0138_04,D:\scburning\ROI_0138_04\S2A_MSIL2A_20200627T152641_R025_T18LTN_20200824T073512.tif,196.0,1.96,Lower Whisker
ROI_0138_04,D:\scburning\ROI_0138_04\S2B_MSIL2A_20200712T152639_R025_T18LTN_20200912T234101.tif,144.0,1.44,Lower Whisker
ROI_0138_04,D:\scburning\ROI_0138_04\S2A_MSIL2A_20200925T152641_R025_T18LTN_20200926T221606.tif,190.0,1.9,Lower Whisker
ROI_0138_04,D:\scburning\ROI_0138_04\S2B_MSIL2A_20210607T152639_R025_T18LTN_20210610T052904.tif,126.0,1.26,Lower Whisker
ROI_0138_04,D:\scburning\ROI_0138_04\S2A_MSIL2A_20210831T152641_R025_T18LTN_20210901T040415.tif,182.0,1.82,Lower Whisker
ROI_0138_04,D:\scburning\ROI_0138_04\S2B_MSIL2A_20220202T152639_R025_T18LTN_20220217T190002.tif,115.0,1.15,Lower Whisker
ROI_0138_04,D:\scburning\ROI_0138_04\S2A_MSIL2A_20220227T152641_R025_T18LTN_20220302T223715.tif,133.0,1.33,Lower Whisker
ROI_0138_04,D:\scburning\ROI_0138_04\S2A_MSIL2A_20220627T152651_R025_T18LTN_20220628T094340.tif,237.0,2.37,Lower Whisker
ROI_0141_01,D:\scburning\ROI_0141_01\S2B_MSIL2A_20171115T152629_R025_T18LTN_20201014T200632.tif,130.0,1.3,Lower Whisker
ROI_0141_01,D:\scburning\ROI_0141_01\S2A_MSIL2A_20180228T152641_R025_T18LTN_20201014T015318.tif,209.0,2.09,Lower Whisker
ROI_0141_01,D:\scburning\ROI_0141_01\S2B_MSIL2A_20180524T152639_R025_T18LTN_20201012T135253.tif,107.0,1.07,Lower Whisker
ROI_0141_01,D:\scburning\ROI_0141_01\S2A_MSIL2A_20180529T152641_R025_T18LTN_20201012T152558.tif,187.0,1.87,Lower Whisker
ROI_0141_01,D:\scburning\ROI_0141_01\S2B_MSIL2A_20180802T152639_R025_T18LTN_20201020T020837.tif,126.0,1.26,Lower Whisker
ROI_0141_01,D:\scburning\ROI_0141_01\S2B_MSIL2A_20190119T152639_R025_T18LTN_20201008T025857.tif,173.0,1.73,Lower Whisker
ROI_0141_01,D:\scburning\ROI_0141_01\S2A_MSIL2A_20190305T152631_R025_T18LTN_20201030T161030.tif,189.0,1.89,Lower Whisker
ROI_0141_01,D:\scburning\ROI_0141_01\S2A_MSIL2A_20190822T152641_R025_T18LTN_20201005T032714.tif,205.0,2.05,Lower Whisker
ROI_0141_01,D:\scburning\ROI_0141_01\S2B_MSIL2A_20200304T152639_R025_T18LTN_20200928T092352.tif,182.0,1.82,Lower Whisker
ROI_0141_01,D:\scburning\ROI_0141_01\S2B_MSIL2A_20200403T152639_R025_T18LTN_20200924T214722.tif,112.0,1.12,Lower Whisker
ROI_0141_01,D:\scburning\ROI_0141_01\S2B_MSIL2A_20200523T152639_R025_T18LTN_20200910T175822.tif,101.0,1.01,Lower Whisker
ROI_0141_01,D:\scburning\ROI_0141_01\S2B_MSIL2A_20200821T152639_R025_T18LTN_20200918T202941.tif,157.0,1.57,Lower Whisker
ROI_0141_01,D:\scburning\ROI_0141_01\S2A_MSIL2A_20201204T152641_R025_T18LTN_20201205T154213.tif,270.0,2.7,Lower Whisker
ROI_0141_01,D:\scburning\ROI_0141_01\S2B_MSIL2A_20210217T152639_R025_T18LTN_20210219T090644.tif,147.0,1.47,Lower Whisker
ROI_0141_01,D:\scburning\ROI_0141_01\S2A_MSIL2A_20210423T152641_R025_T18LTN_20210425T104044.tif,204.0,2.04,Lower Whisker
ROI_0141_01,D:\scburning\ROI_0141_01\S2B_MSIL2A_20210607T152639_R025_T18LTN_20210610T052904.tif,169.0,1.69,Lower Whisker
ROI_0141_01,D:\scburning\ROI_0141_01\S2A_MSIL2A_20221015T152641_R025_T18LTN_20221016T075602.tif,158.0,1.58,Lower Whisker
ROI_0144_03,D:\scburning\ROI_0144_03\S2A_MSIL2A_20170407T153621_R068_T17MPN_20210209T053659.tif,232.0,2.32,Lower Whisker
ROI_0144_03,D:\scburning\ROI_0144_03\S2A_MSIL2A_20180201T153611_R068_T17MPN_20201013T175113.tif,231.0,2.31,Lower Whisker
ROI_0144_03,D:\scburning\ROI_0144_03\S2B_MSIL2A_20180805T153619_R068_T17MPN_20201010T214144.tif,180.0,1.8,Lower Whisker
ROI_0144_03,D:\scburning\ROI_0144_03\S2A_MSIL2A_20180929T153621_R068_T17MPN_20201009T061137.tif,129.0,1.29,Lower Whisker
ROI_0144_03,D:\scburning\ROI_0144_03\S2B_MSIL2A_20181103T153619_R068_T17MPN_20201008T153241.tif,270.0,2.7,Lower Whisker
ROI_0144_03,D:\scburning\ROI_0144_03\S2B_MSIL2A_20190422T153629_R068_T17MPN_20201105T153234.tif,196.0,1.96,Lower Whisker
ROI_0144_03,D:\scburning\ROI_0144_03\S2B_MSIL2A_20190512T153629_R068_T17MPN_20201006T132522.tif,162.0,1.62,Lower Whisker
ROI_0144_03,D:\scburning\ROI_0144_03\S2A_MSIL2A_20190706T153621_R068_T17MPN_20201005T100544.tif,104.0,1.04,Lower Whisker
ROI_0144_03,D:\scburning\ROI_0144_03\S2B_MSIL2A_20190929T153619_R068_T17MPN_20201004T183540.tif,195.0,1.95,Lower Whisker
ROI_0144_03,D:\scburning\ROI_0144_03\S2A_MSIL2A_20191004T153621_R068_T17MPN_20201003T222805.tif,247.0,2.47,Lower Whisker
ROI_0144_03,D:\scburning\ROI_0144_03\S2B_MSIL2A_20191208T153619_R068_T17MPN_20201003T022919.tif,209.0,2.09,Lower Whisker
ROI_0144_03,D:\scburning\ROI_0144_03\S2A_MSIL2A_20200421T153621_R068_T17MPN_20200921T122157.tif,130.0,1.3,Lower Whisker
ROI_0144_03,D:\scburning\ROI_0144_03\S2A_MSIL2A_20200630T153621_R068_T17MPN_20200824T164425.tif,154.0,1.54,Lower Whisker
